SID,NAME,ISO_TIME,LAT,LON,WMO_WIND,BASIN
2020136N10088,AMPHAN,2020-05-15 06:00:00,9.5,87.5, ,NI
2020136N10088,AMPHAN,2020-05-15 09:00:00,9.5,87.2, ,NI
2020136N10088,AMPHAN,2020-05-15 12:00:00,9.5,87.0, ,NI
2020136N10088,AMPHAN,2020-05-15 15:00:00,9.5,86.8, ,NI
2020136N10088,AMPHAN,2020-05-15 18:00:00,9.5,86.6, ,NI
2020136N10088,AMPHAN,2020-05-15 21:00:00,9.6,86.5, ,NI
2020136N10088,AMPHAN,2020-05-16 00:00:00,9.8,86.4,25,NI
2020136N10088,AMPHAN,2020-05-16 03:00:00,10.1,86.2,25,NI
2020136N10088,AMPHAN,2020-05-16 06:00:00,10.3,86.1,25,NI
2020136N10088,AMPHAN,2020-05-16 09:00:00,10.5,86.1,30,NI
2020136N10088,AMPHAN,2020-05-16 12:00:00,10.6,86.2,35,NI
2020136N10088,AMPHAN,2020-05-16 15:00:00,10.8,86.1,40,NI
2020136N10088,AMPHAN,2020-05-16 18:00:00,10.9,86.1,40,NI
2020136N10088,AMPHAN,2020-05-16 21:00:00,11.1,86.1,45,NI
2020136N10088,AMPHAN,2020-05-17 00:00:00,11.2,86.1,45,NI
2020136N10088,AMPHAN,2020-05-17 03:00:00,11.3,86.1,50,NI
2020136N10088,AMPHAN,2020-05-17 06:00:00,11.5,86.2,55,NI
2020136N10088,AMPHAN,2020-05-17 09:00:00,11.6,86.2,65,NI
2020136N10088,AMPHAN,2020-05-17 12:00:00,11.9,86.2,70,NI
2020136N10088,AMPHAN,2020-05-17 15:00:00,12.5,86.4,75,NI
2020136N10088,AMPHAN,2020-05-17 18:00:00,12.5,86.4,80,NI
2020136N10088,AMPHAN,2020-05-17 21:00:00,12.9,86.5,90,NI
2020136N10088,AMPHAN,2020-05-18 00:00:00,13.2,86.4,100,NI
2020136N10088,AMPHAN,2020-05-18 03:00:00,13.3,86.2,115,NI
2020136N10088,AMPHAN,2020-05-18 06:00:00,13.4,86.2,120,NI
2020136N10088,AMPHAN,2020-05-18 09:00:00,13.7,86.2,120,NI
2020136N10088,AMPHAN,2020-05-18 12:00:00,14.1,86.4,125,NI
2020136N10088,AMPHAN,2020-05-18 15:00:00,14.5,86.5,125,NI
2020136N10088,AMPHAN,2020-05-18 18:00:00,14.9,86.6,130,NI
2020136N10088,AMPHAN,2020-05-18 21:00:00,15.2,86.7,130,NI
2020136N10088,AMPHAN,2020-05-19 00:00:00,15.6,86.8,125,NI
2020136N10088,AMPHAN,2020-05-19 03:00:00,16.0,86.9,120,NI
2020136N10088,AMPHAN,2020-05-19 06:00:00,16.5,87.0,115,NI
2020136N10088,AMPHAN,2020-05-19 09:00:00,16.9,87.0,110,NI
2020136N10088,AMPHAN,2020-05-19 12:00:00,17.3,87.1,105,NI
2020136N10088,AMPHAN,2020-05-19 15:00:00,17.9,87.1,100,NI
2020136N10088,AMPHAN,2020-05-19 18:00:00,18.3,87.2,100,NI
2020136N10088,AMPHAN,2020-05-19 21:00:00,18.7,87.3,100,NI
2020136N10088,AMPHAN,2020-05-20 00:00:00,19.2,87.5,95,NI
2020136N10088,AMPHAN,2020-05-20 03:00:00,19.8,87.7,95,NI
2020136N10088,AMPHAN,2020-05-20 06:00:00,20.6,88.0,90,NI
2020136N10088,AMPHAN,2020-05-20 09:00:00,21.4,88.1,90,NI
2020136N10088,AMPHAN,2020-05-20 12:00:00,22.1,88.4,85,NI
2020136N10088,AMPHAN,2020-05-20 15:00:00,22.8,88.6,65,NI
2020136N10088,AMPHAN,2020-05-20 18:00:00,23.5,89.1,50,NI
2020136N10088,AMPHAN,2020-05-20 21:00:00,24.3,89.3,45,NI
2020136N10088,AMPHAN,2020-05-21 00:00:00,24.6,89.6,40,NI
2020136N10088,AMPHAN,2020-05-21 03:00:00,25.1,89.9,35,NI
2020136N10088,AMPHAN,2020-05-21 06:00:00,25.4,90.1,30,NI
2020136N10088,AMPHAN,2020-05-21 09:00:00,25.2,89.6, ,NI
2020136N10088,AMPHAN,2020-05-21 12:00:00,25.4,89.6,20,NI
2020150N17054,UNNAMED,2020-05-29 09:00:00,17.3,54.3,25,NI
2020150N17054,UNNAMED,2020-05-29 12:00:00,17.3,54.3,25,NI
2020150N17054,UNNAMED,2020-05-29 15:00:00,17.3,54.3, ,NI
2020150N17054,UNNAMED,2020-05-29 18:00:00,17.3,54.3,25,NI
2020150N17054,UNNAMED,2020-05-29 21:00:00,17.3,54.2, ,NI
2020150N17054,UNNAMED,2020-05-30 00:00:00,17.3,54.2,25,NI
2020150N17054,UNNAMED,2020-05-30 03:00:00,17.3,54.2,25,NI
2020150N17054,UNNAMED,2020-05-30 06:00:00,17.2,54.0,25,NI
2020150N17054,UNNAMED,2020-05-30 09:00:00,17.2,54.0, ,NI
2020150N17054,UNNAMED,2020-05-30 12:00:00,17.2,54.0,25,NI
2020150N17054,UNNAMED,2020-05-30 15:00:00,17.2,54.0, ,NI
2020150N17054,UNNAMED,2020-05-30 18:00:00,17.2,54.0,25,NI
2020150N17054,UNNAMED,2020-05-30 21:00:00,17.1,53.9, ,NI
2020150N17054,UNNAMED,2020-05-31 00:00:00,17.1,53.8,25,NI
2020150N17054,UNNAMED,2020-05-31 03:00:00,17.1,53.8,25,NI
2020150N17054,UNNAMED,2020-05-31 06:00:00,17.0,53.5,25,NI
2020150N17054,UNNAMED,2020-05-31 09:00:00,16.9,53.3, ,NI
2020150N17054,UNNAMED,2020-05-31 12:00:00,16.9,53.1,25,NI
2020150N17054,UNNAMED,2020-05-31 15:00:00,16.9,53.0, ,NI
2020150N17054,UNNAMED,2020-05-31 18:00:00,16.8,52.9,25,NI
2020153N13072,NISARGA,2020-05-31 18:00:00,12.9,72.2, ,NI
2020153N13072,NISARGA,2020-05-31 21:00:00,12.9,72.0, ,NI
2020153N13072,NISARGA,2020-06-01 00:00:00,13.0,71.6,25,NI
2020153N13072,NISARGA,2020-06-01 03:00:00,13.1,71.4,25,NI
2020153N13072,NISARGA,2020-06-01 06:00:00,13.4,71.2,25,NI
2020153N13072,NISARGA,2020-06-01 09:00:00,13.7,71.1, ,NI
2020153N13072,NISARGA,2020-06-01 12:00:00,14.0,71.1,25,NI
2020153N13072,NISARGA,2020-06-01 15:00:00,14.2,71.2, ,NI
2020153N13072,NISARGA,2020-06-01 18:00:00,14.4,71.2,25,NI
2020153N13072,NISARGA,2020-06-01 21:00:00,14.7,71.2, ,NI
2020153N13072,NISARGA,2020-06-02 00:00:00,15.0,71.3,30,NI
2020153N13072,NISARGA,2020-06-02 03:00:00,15.3,71.3,30,NI
2020153N13072,NISARGA,2020-06-02 06:00:00,15.7,71.3,35,NI
2020153N13072,NISARGA,2020-06-02 09:00:00,16.0,71.3,35,NI
2020153N13072,NISARGA,2020-06-02 12:00:00,16.3,71.4,40,NI
2020153N13072,NISARGA,2020-06-02 15:00:00,16.2,71.5,40,NI
2020153N13072,NISARGA,2020-06-02 18:00:00,16.8,71.6,40,NI
2020153N13072,NISARGA,2020-06-02 21:00:00,17.0,71.9,45,NI
2020153N13072,NISARGA,2020-06-03 00:00:00,17.3,72.1,50,NI
2020153N13072,NISARGA,2020-06-03 03:00:00,17.6,72.4,55,NI
2020153N13072,NISARGA,2020-06-03 06:00:00,18.1,72.9,60,NI
2020153N13072,NISARGA,2020-06-03 09:00:00,18.5,73.2,55,NI
2020153N13072,NISARGA,2020-06-03 12:00:00,19.1,73.7,40,NI
2020153N13072,NISARGA,2020-06-03 15:00:00,19.6,74.0,30,NI
2020153N13072,NISARGA,2020-06-03 18:00:00,20.0,74.7,30,NI
2020153N13072,NISARGA,2020-06-03 21:00:00,20.3,75.3, ,NI
2020153N13072,NISARGA,2020-06-04 00:00:00,20.9,76.0,25,NI
2020153N13072,NISARGA,2020-06-04 03:00:00,21.5,76.8,20,NI
2020153N13072,NISARGA,2020-06-04 06:00:00,22.2,77.6,20,NI
2020285N15087,UNNAMED,2020-10-11 00:00:00,15.3,86.5,20,NI
2020285N15087,UNNAMED,2020-10-11 03:00:00,15.4,86.2,25,NI
2020285N15087,UNNAMED,2020-10-11 06:00:00,15.4,85.8,25,NI
2020285N15087,UNNAMED,2020-10-11 09:00:00,15.4,85.5, ,NI
2020285N15087,UNNAMED,2020-10-11 12:00:00,15.5,85.4,25,NI
2020285N15087,UNNAMED,2020-10-11 15:00:00,15.5,85.3, ,NI
2020285N15087,UNNAMED,2020-10-11 18:00:00,15.6,85.2,25,NI
2020285N15087,UNNAMED,2020-10-11 21:00:00,15.7,85.1, ,NI
2020285N15087,UNNAMED,2020-10-12 00:00:00,15.7,85.0,25,NI
2020285N15087,UNNAMED,2020-10-12 03:00:00,15.7,85.0,30,NI
2020285N15087,UNNAMED,2020-10-12 06:00:00,15.9,84.8,30,NI
2020285N15087,UNNAMED,2020-10-12 09:00:00,16.0,84.7, ,NI
2020285N15087,UNNAMED,2020-10-12 12:00:00,16.1,84.6,30,NI
2020285N15087,UNNAMED,2020-10-12 15:00:00,16.3,84.1, ,NI
2020285N15087,UNNAMED,2020-10-12 18:00:00,16.5,83.4,30,NI
2020285N15087,UNNAMED,2020-10-12 21:00:00,16.7,82.9, ,NI
2020285N15087,UNNAMED,2020-10-13 00:00:00,16.9,82.5,30,NI
2020285N15087,UNNAMED,2020-10-13 03:00:00,17.0,82.1,30,NI
2020285N15087,UNNAMED,2020-10-13 06:00:00,17.3,81.5,25,NI
2020285N15087,UNNAMED,2020-10-13 09:00:00,17.4,81.0, ,NI
2020285N15087,UNNAMED,2020-10-13 12:00:00,17.5,80.5,25,NI
2020285N15087,UNNAMED,2020-10-13 15:00:00,17.6,80.0, ,NI
2020285N15087,UNNAMED,2020-10-13 18:00:00,17.6,79.5,25,NI
2020285N15087,UNNAMED,2020-10-13 21:00:00,17.7,78.8, ,NI
2020285N15087,UNNAMED,2020-10-14 00:00:00,17.7,78.1,20,NI
2020285N15087,UNNAMED,2020-10-14 03:00:00,17.7,77.5,20,NI
2020285N15087,UNNAMED,2020-10-14 06:00:00,17.7,77.0,20,NI
2020291N18069,UNNAMED,2020-10-17 03:00:00,17.8,69.0,20,NI
2020291N18069,UNNAMED,2020-10-17 06:00:00,17.8,68.2,20,NI
2020291N18069,UNNAMED,2020-10-17 09:00:00,17.8,67.8, ,NI
2020291N18069,UNNAMED,2020-10-17 12:00:00,17.8,67.5,25,NI
2020291N18069,UNNAMED,2020-10-17 15:00:00,17.8,67.1, ,NI
2020291N18069,UNNAMED,2020-10-17 18:00:00,17.8,66.8,25,NI
2020291N18069,UNNAMED,2020-10-17 21:00:00,17.8,66.7, ,NI
2020291N18069,UNNAMED,2020-10-18 00:00:00,17.8,66.4,25,NI
2020291N18069,UNNAMED,2020-10-18 03:00:00,17.8,65.8,20,NI
2020291N18069,UNNAMED,2020-10-18 06:00:00,17.8,65.3,20,NI
2020291N18069,UNNAMED,2020-10-18 09:00:00,17.8,65.0, ,NI
2020291N18069,UNNAMED,2020-10-18 12:00:00,17.8,64.8,20,NI
2020291N18069,UNNAMED,2020-10-18 15:00:00,17.8,64.6, ,NI
2020291N18069,UNNAMED,2020-10-18 18:00:00,17.8,64.3,20,NI
2020296N19087,UNNAMED,2020-10-22 03:00:00,18.7,87.0,20,NI
2020296N19087,UNNAMED,2020-10-22 06:00:00,19.0,87.0,25,NI
2020296N19087,UNNAMED,2020-10-22 09:00:00,19.4,87.1, ,NI
2020296N19087,UNNAMED,2020-10-22 12:00:00,19.7,87.3,25,NI
2020296N19087,UNNAMED,2020-10-22 15:00:00,19.9,87.4, ,NI
2020296N19087,UNNAMED,2020-10-22 18:00:00,20.2,87.6,25,NI
2020296N19087,UNNAMED,2020-10-22 21:00:00,20.7,87.9, ,NI
2020296N19087,UNNAMED,2020-10-23 00:00:00,21.2,88.2,25,NI
2020296N19087,UNNAMED,2020-10-23 03:00:00,21.4,88.4,25,NI
2020296N19087,UNNAMED,2020-10-23 06:00:00,21.7,88.5,25,NI
2020296N19087,UNNAMED,2020-10-23 09:00:00,22.5,89.1,25,NI
2020296N19087,UNNAMED,2020-10-23 12:00:00,23.3,89.5,20,NI
2020296N19087,UNNAMED,2020-10-23 15:00:00,23.8,89.7, ,NI
2020296N19087,UNNAMED,2020-10-23 18:00:00,24.0,89.9,20,NI
2020326N11063,GATI,2020-11-20 12:00:00,11.2,62.6, ,NI
2020326N11063,GATI,2020-11-20 15:00:00,11.0,62.2, ,NI
2020326N11063,GATI,2020-11-20 18:00:00,10.9,61.7, ,NI
2020326N11063,GATI,2020-11-20 21:00:00,11.1,61.2, ,NI
2020326N11063,GATI,2020-11-21 00:00:00,11.3,60.6, ,NI
2020326N11063,GATI,2020-11-21 03:00:00,11.3,59.7, ,NI
2020326N11063,GATI,2020-11-21 06:00:00,11.3,58.8, ,NI
2020326N11063,GATI,2020-11-21 09:00:00,11.3,57.9, ,NI
2020326N11063,GATI,2020-11-21 12:00:00,11.3,57.1, ,NI
2020326N11063,GATI,2020-11-21 15:00:00,11.1,56.2, ,NI
2020326N11063,GATI,2020-11-21 18:00:00,10.9,55.8,25,NI
2020326N11063,GATI,2020-11-21 21:00:00,10.9,55.2, ,NI
2020326N11063,GATI,2020-11-22 00:00:00,10.8,54.5,30,NI
2020326N11063,GATI,2020-11-22 03:00:00,10.6,53.5,40,NI
2020326N11063,GATI,2020-11-22 06:00:00,10.4,52.6,50,NI
2020326N11063,GATI,2020-11-22 09:00:00,10.4,52.0,65,NI
2020326N11063,GATI,2020-11-22 12:00:00,10.4,51.5,75,NI
2020326N11063,GATI,2020-11-22 15:00:00,10.4,51.0,75,NI
2020326N11063,GATI,2020-11-22 18:00:00,10.4,50.6,65,NI
2020326N11063,GATI,2020-11-22 21:00:00,10.5,50.2,60,NI
2020326N11063,GATI,2020-11-23 00:00:00,10.7,50.0,45,NI
2020326N11063,GATI,2020-11-23 03:00:00,10.9,49.6,35,NI
2020326N11063,GATI,2020-11-23 06:00:00,11.1,49.3,30,NI
2020326N11063,GATI,2020-11-23 09:00:00,11.3,48.9, ,NI
2020326N11063,GATI,2020-11-23 12:00:00,11.5,48.6,30,NI
2020326N11063,GATI,2020-11-23 15:00:00,11.7,48.0, ,NI
2020326N11063,GATI,2020-11-23 18:00:00,11.8,47.5,30,NI
2020326N11063,GATI,2020-11-23 21:00:00,11.7,47.1, ,NI
2020326N11063,GATI,2020-11-24 00:00:00,11.5,46.8,25,NI
2020326N11063,GATI,2020-11-24 03:00:00,11.2,46.6,20,NI
2020326N11063,GATI,2020-11-24 06:00:00,10.9,46.5, ,NI
2020326N11063,GATI,2020-11-24 09:00:00,10.7,46.4, ,NI
2020326N11063,GATI,2020-11-24 12:00:00,10.4,46.3, ,NI
2020327N08086,NIVAR,2020-11-22 06:00:00,7.8,86.1, ,NI
2020327N08086,NIVAR,2020-11-22 09:00:00,8.2,85.9, ,NI
2020327N08086,NIVAR,2020-11-22 12:00:00,8.5,85.6, ,NI
2020327N08086,NIVAR,2020-11-22 15:00:00,8.8,85.3, ,NI
2020327N08086,NIVAR,2020-11-22 18:00:00,9.0,85.1, ,NI
2020327N08086,NIVAR,2020-11-22 21:00:00,9.0,85.0,25,NI
2020327N08086,NIVAR,2020-11-23 00:00:00,9.3,84.6,25,NI
2020327N08086,NIVAR,2020-11-23 03:00:00,9.5,84.2,25,NI
2020327N08086,NIVAR,2020-11-23 06:00:00,9.6,84.0,25,NI
2020327N08086,NIVAR,2020-11-23 09:00:00,9.7,83.8, ,NI
2020327N08086,NIVAR,2020-11-23 12:00:00,9.9,83.6,30,NI
2020327N08086,NIVAR,2020-11-23 15:00:00,9.9,83.5, ,NI
2020327N08086,NIVAR,2020-11-23 18:00:00,10.0,83.5,30,NI
2020327N08086,NIVAR,2020-11-23 21:00:00,9.9,83.3, ,NI
2020327N08086,NIVAR,2020-11-24 00:00:00,9.8,83.2,35,NI
2020327N08086,NIVAR,2020-11-24 03:00:00,9.8,83.1,35,NI
2020327N08086,NIVAR,2020-11-24 06:00:00,9.8,83.0,40,NI
2020327N08086,NIVAR,2020-11-24 09:00:00,9.9,82.9,45,NI
2020327N08086,NIVAR,2020-11-24 12:00:00,10.0,82.8,45,NI
2020327N08086,NIVAR,2020-11-24 15:00:00,10.1,82.7,45,NI
2020327N08086,NIVAR,2020-11-24 18:00:00,10.2,82.6,50,NI
2020327N08086,NIVAR,2020-11-24 21:00:00,10.4,82.4,55,NI
2020327N08086,NIVAR,2020-11-25 00:00:00,10.6,82.2,60,NI
2020327N08086,NIVAR,2020-11-25 03:00:00,10.8,81.8,60,NI
2020327N08086,NIVAR,2020-11-25 06:00:00,11.1,81.4,60,NI
2020327N08086,NIVAR,2020-11-25 09:00:00,11.3,81.1,65,NI
2020327N08086,NIVAR,2020-11-25 12:00:00,11.5,80.9,65,NI
2020327N08086,NIVAR,2020-11-25 15:00:00,11.8,80.6,65,NI
2020327N08086,NIVAR,2020-11-25 18:00:00,12.0,80.4,65,NI
2020327N08086,NIVAR,2020-11-25 21:00:00,12.2,80.1,60,NI
2020327N08086,NIVAR,2020-11-26 00:00:00,12.5,80.0,50,NI
2020327N08086,NIVAR,2020-11-26 03:00:00,12.7,79.7,40,NI
2020327N08086,NIVAR,2020-11-26 06:00:00,13.0,79.6,35,NI
2020327N08086,NIVAR,2020-11-26 09:00:00,13.3,79.6,30,NI
2020327N08086,NIVAR,2020-11-26 12:00:00,13.5,79.8,30,NI
2020327N08086,NIVAR,2020-11-26 15:00:00,13.6,80.0, ,NI
2020327N08086,NIVAR,2020-11-26 18:00:00,13.8,80.3,20,NI
2020327N08086,NIVAR,2020-11-26 21:00:00,13.8,80.6, ,NI
2020327N08086,NIVAR,2020-11-27 00:00:00,14.0,80.7, ,NI
2020327N08086,NIVAR,2020-11-27 03:00:00,14.2,80.6, ,NI
2020327N08086,NIVAR,2020-11-27 06:00:00,14.4,80.5, ,NI
2020327N08086,NIVAR,2020-11-27 09:00:00,14.7,80.3, ,NI
2020327N08086,NIVAR,2020-11-27 12:00:00,15.0,80.1, ,NI
2020335N06090,BUREVI,2020-11-29 12:00:00,6.4,90.4, ,NI
2020335N06090,BUREVI,2020-11-29 15:00:00,6.6,89.8, ,NI
2020335N06090,BUREVI,2020-11-29 18:00:00,6.9,89.1, ,NI
2020335N06090,BUREVI,2020-11-29 21:00:00,7.2,88.4, ,NI
2020335N06090,BUREVI,2020-11-30 00:00:00,7.5,87.8,20,NI
2020335N06090,BUREVI,2020-11-30 03:00:00,7.6,87.6,25,NI
2020335N06090,BUREVI,2020-11-30 06:00:00,7.6,87.4,25,NI
2020335N06090,BUREVI,2020-11-30 09:00:00,7.6,87.2, ,NI
2020335N06090,BUREVI,2020-11-30 12:00:00,7.5,87.1,25,NI
2020335N06090,BUREVI,2020-11-30 15:00:00,7.5,87.0, ,NI
2020335N06090,BUREVI,2020-11-30 18:00:00,7.5,86.8,25,NI
2020335N06090,BUREVI,2020-11-30 21:00:00,7.4,86.4, ,NI
2020335N06090,BUREVI,2020-12-01 00:00:00,7.4,86.1,30,NI
2020335N06090,BUREVI,2020-12-01 03:00:00,7.4,85.8,30,NI
2020335N06090,BUREVI,2020-12-01 06:00:00,7.5,85.4,30,NI
2020335N06090,BUREVI,2020-12-01 09:00:00,7.6,85.1, ,NI
2020335N06090,BUREVI,2020-12-01 12:00:00,7.7,84.9,35,NI
2020335N06090,BUREVI,2020-12-01 15:00:00,7.8,84.6,35,NI
2020335N06090,BUREVI,2020-12-01 18:00:00,8.0,84.3,35,NI
2020335N06090,BUREVI,2020-12-01 21:00:00,8.3,83.7,35,NI
2020335N06090,BUREVI,2020-12-02 00:00:00,8.5,83.3,40,NI
2020335N06090,BUREVI,2020-12-02 03:00:00,8.6,82.9,40,NI
2020335N06090,BUREVI,2020-12-02 06:00:00,8.7,82.6,45,NI
2020335N06090,BUREVI,2020-12-02 09:00:00,8.8,82.2,45,NI
2020335N06090,BUREVI,2020-12-02 12:00:00,8.8,81.9,45,NI
2020335N06090,BUREVI,2020-12-02 15:00:00,8.9,81.6,45,NI
2020335N06090,BUREVI,2020-12-02 18:00:00,9.0,81.2,45,NI
2020335N06090,BUREVI,2020-12-02 21:00:00,9.0,80.9,40,NI
2020335N06090,BUREVI,2020-12-03 00:00:00,9.0,80.5,40,NI
2020335N06090,BUREVI,2020-12-03 03:00:00,9.1,80.4,40,NI
2020335N06090,BUREVI,2020-12-03 06:00:00,9.3,80.1,40,NI
2020335N06090,BUREVI,2020-12-03 09:00:00,9.4,79.8,35,NI
2020335N06090,BUREVI,2020-12-03 12:00:00,9.4,79.6,30,NI
2020335N06090,BUREVI,2020-12-03 15:00:00,9.4,79.4,30,NI
2020335N06090,BUREVI,2020-12-03 18:00:00,9.3,79.3,30,NI
2020335N06090,BUREVI,2020-12-03 21:00:00,9.3,79.3,30,NI
2020335N06090,BUREVI,2020-12-04 00:00:00,9.2,79.3,30,NI
2020335N06090,BUREVI,2020-12-04 03:00:00,9.1,79.2,30,NI
2020335N06090,BUREVI,2020-12-04 06:00:00,9.2,79.3,30,NI
2020335N06090,BUREVI,2020-12-04 09:00:00,9.3,79.4, ,NI
2020335N06090,BUREVI,2020-12-04 12:00:00,9.4,79.4,25,NI
2020335N06090,BUREVI,2020-12-04 15:00:00,9.3,79.3, ,NI
2020335N06090,BUREVI,2020-12-04 18:00:00,9.2,79.2,25,NI
2020335N06090,BUREVI,2020-12-04 21:00:00,9.1,79.3, ,NI
2020335N06090,BUREVI,2020-12-05 00:00:00,9.1,79.4,20,NI
2020335N06090,BUREVI,2020-12-05 03:00:00,9.2,79.5,20,NI
2020335N06090,BUREVI,2020-12-05 06:00:00,9.5,80.1, ,NI
2020353N06129,KROVANH,2020-12-25 00:00:00,9.4,99.6, ,NI
2020353N06129,KROVANH,2020-12-25 03:00:00,9.7,98.9, ,NI
2020353N06129,KROVANH,2020-12-25 06:00:00,10.0,98.1, ,NI
2020353N06129,KROVANH,2020-12-25 09:00:00,10.6,97.3, ,NI
2020353N06129,KROVANH,2020-12-25 12:00:00,11.3,97.0, ,NI
2021092N11096,UNNAMED,2021-04-02 00:00:00,11.0,96.3,25,NI
2021092N11096,UNNAMED,2021-04-02 03:00:00,11.0,96.3,25,NI
2021092N11096,UNNAMED,2021-04-02 06:00:00,11.2,96.4,25,NI
2021092N11096,UNNAMED,2021-04-02 09:00:00,11.5,96.6, ,NI
2021092N11096,UNNAMED,2021-04-02 12:00:00,11.8,96.8,25,NI
2021092N11096,UNNAMED,2021-04-02 15:00:00,12.0,97.0, ,NI
2021092N11096,UNNAMED,2021-04-02 18:00:00,12.3,97.2,25,NI
2021092N11096,UNNAMED,2021-04-02 21:00:00,12.7,97.4, ,NI
2021092N11096,UNNAMED,2021-04-03 00:00:00,13.0,97.5,25,NI
2021092N11096,UNNAMED,2021-04-03 03:00:00,13.2,97.6,20,NI
2021133N10071,TAUKTAE,2021-05-13 06:00:00,10.0,70.9, ,NI
2021133N10071,TAUKTAE,2021-05-13 09:00:00,10.1,71.1, ,NI
2021133N10071,TAUKTAE,2021-05-13 12:00:00,10.2,71.3, ,NI
2021133N10071,TAUKTAE,2021-05-13 15:00:00,10.3,71.4, ,NI
2021133N10071,TAUKTAE,2021-05-13 18:00:00,10.5,71.5, ,NI
2021133N10071,TAUKTAE,2021-05-13 21:00:00,10.7,71.6, ,NI
2021133N10071,TAUKTAE,2021-05-14 00:00:00,10.9,71.8, ,NI
2021133N10071,TAUKTAE,2021-05-14 03:00:00,11.0,72.0,25,NI
2021133N10071,TAUKTAE,2021-05-14 06:00:00,11.2,72.2,25,NI
2021133N10071,TAUKTAE,2021-05-14 09:00:00,11.5,72.4,30,NI
2021133N10071,TAUKTAE,2021-05-14 12:00:00,11.7,72.6,30,NI
2021133N10071,TAUKTAE,2021-05-14 15:00:00,12.0,72.7, ,NI
2021133N10071,TAUKTAE,2021-05-14 18:00:00,12.3,72.8,35,NI
2021133N10071,TAUKTAE,2021-05-14 21:00:00,12.4,72.8,40,NI
2021133N10071,TAUKTAE,2021-05-15 00:00:00,12.8,72.9,40,NI
2021133N10071,TAUKTAE,2021-05-15 03:00:00,13.0,72.9,40,NI
2021133N10071,TAUKTAE,2021-05-15 06:00:00,13.3,73.0,45,NI
2021133N10071,TAUKTAE,2021-05-15 09:00:00,13.6,73.0,45,NI
2021133N10071,TAUKTAE,2021-05-15 12:00:00,13.9,73.0,55,NI
2021133N10071,TAUKTAE,2021-05-15 15:00:00,14.2,72.9,55,NI
2021133N10071,TAUKTAE,2021-05-15 18:00:00,14.5,72.8,60,NI
2021133N10071,TAUKTAE,2021-05-15 21:00:00,14.7,72.8,60,NI
2021133N10071,TAUKTAE,2021-05-16 00:00:00,15.0,72.8,65,NI
2021133N10071,TAUKTAE,2021-05-16 03:00:00,15.4,72.8,70,NI
2021133N10071,TAUKTAE,2021-05-16 06:00:00,15.8,72.8,70,NI
2021133N10071,TAUKTAE,2021-05-16 09:00:00,16.3,72.7,70,NI
2021133N10071,TAUKTAE,2021-05-16 12:00:00,16.8,72.5,75,NI
2021133N10071,TAUKTAE,2021-05-16 15:00:00,17.3,72.3,80,NI
2021133N10071,TAUKTAE,2021-05-16 18:00:00,17.7,72.0,85,NI
2021133N10071,TAUKTAE,2021-05-16 21:00:00,18.0,71.8,90,NI
2021133N10071,TAUKTAE,2021-05-17 00:00:00,18.4,71.7,100,NI
2021133N10071,TAUKTAE,2021-05-17 03:00:00,18.8,71.6,100,NI
2021133N10071,TAUKTAE,2021-05-17 06:00:00,19.3,71.5,100,NI
2021133N10071,TAUKTAE,2021-05-17 09:00:00,19.6,71.4,100,NI
2021133N10071,TAUKTAE,2021-05-17 12:00:00,20.1,71.4,95,NI
2021133N10071,TAUKTAE,2021-05-17 15:00:00,20.5,71.3,90,NI
2021133N10071,TAUKTAE,2021-05-17 18:00:00,20.9,71.2,85,NI
2021133N10071,TAUKTAE,2021-05-17 21:00:00,21.2,71.2,75,NI
2021133N10071,TAUKTAE,2021-05-18 00:00:00,21.5,71.2,65,NI
2021133N10071,TAUKTAE,2021-05-18 03:00:00,21.7,71.3,55,NI
2021133N10071,TAUKTAE,2021-05-18 06:00:00,22.1,71.6,45,NI
2021133N10071,TAUKTAE,2021-05-18 09:00:00,22.6,71.7,40,NI
2021133N10071,TAUKTAE,2021-05-18 12:00:00,23.2,72.1,35,NI
2021133N10071,TAUKTAE,2021-05-18 15:00:00,23.7,72.5,30,NI
2021133N10071,TAUKTAE,2021-05-18 18:00:00,24.1,73.1,30,NI
2021133N10071,TAUKTAE,2021-05-18 21:00:00,24.4,73.4, ,NI
2021133N10071,TAUKTAE,2021-05-19 00:00:00,24.6,73.6,25,NI
2021133N10071,TAUKTAE,2021-05-19 03:00:00,24.9,73.7,20,NI
2021133N10071,TAUKTAE,2021-05-19 06:00:00,25.8,74.8,20,NI
2021143N15090,YAAS,2021-05-23 00:00:00,15.5,90.0, ,NI
2021143N15090,YAAS,2021-05-23 03:00:00,15.4,89.9, ,NI
2021143N15090,YAAS,2021-05-23 06:00:00,15.6,89.8,25,NI
2021143N15090,YAAS,2021-05-23 09:00:00,15.6,89.7, ,NI
2021143N15090,YAAS,2021-05-23 12:00:00,15.7,89.6,25,NI
2021143N15090,YAAS,2021-05-23 15:00:00,15.8,89.5, ,NI
2021143N15090,YAAS,2021-05-23 18:00:00,15.8,89.5,30,NI
2021143N15090,YAAS,2021-05-23 21:00:00,16.0,89.6, ,NI
2021143N15090,YAAS,2021-05-24 00:00:00,16.1,89.8,35,NI
2021143N15090,YAAS,2021-05-24 03:00:00,16.5,89.7,40,NI
2021143N15090,YAAS,2021-05-24 06:00:00,16.6,89.6,40,NI
2021143N15090,YAAS,2021-05-24 09:00:00,16.9,89.6,40,NI
2021143N15090,YAAS,2021-05-24 12:00:00,17.2,89.4,45,NI
2021143N15090,YAAS,2021-05-24 15:00:00,17.4,89.2,45,NI
2021143N15090,YAAS,2021-05-24 18:00:00,17.6,89.0,50,NI
2021143N15090,YAAS,2021-05-24 21:00:00,17.8,88.9,55,NI
2021143N15090,YAAS,2021-05-25 00:00:00,18.1,88.6,55,NI
2021143N15090,YAAS,2021-05-25 03:00:00,18.4,88.4,55,NI
2021143N15090,YAAS,2021-05-25 06:00:00,18.8,88.2,60,NI
2021143N15090,YAAS,2021-05-25 09:00:00,19.1,88.2,60,NI
2021143N15090,YAAS,2021-05-25 12:00:00,19.5,88.2,65,NI
2021143N15090,YAAS,2021-05-25 15:00:00,19.9,88.0,65,NI
2021143N15090,YAAS,2021-05-25 18:00:00,20.3,87.8,70,NI
2021143N15090,YAAS,2021-05-25 21:00:00,20.4,87.7,75,NI
2021143N15090,YAAS,2021-05-26 00:00:00,20.6,87.6,75,NI
2021143N15090,YAAS,2021-05-26 03:00:00,21.1,87.2,75,NI
2021143N15090,YAAS,2021-05-26 06:00:00,21.5,86.9,75,NI
2021143N15090,YAAS,2021-05-26 09:00:00,21.7,86.6,55,NI
2021143N15090,YAAS,2021-05-26 12:00:00,21.9,86.5,45,NI
2021143N15090,YAAS,2021-05-26 15:00:00,22.2,86.1,40,NI
2021143N15090,YAAS,2021-05-26 18:00:00,22.5,85.8,30,NI
2021143N15090,YAAS,2021-05-26 21:00:00,22.8,85.7, ,NI
2021143N15090,YAAS,2021-05-27 00:00:00,23.1,85.7,30,NI
2021143N15090,YAAS,2021-05-27 03:00:00,23.3,85.7,30,NI
2021143N15090,YAAS,2021-05-27 06:00:00,23.6,85.6,25,NI
2021143N15090,YAAS,2021-05-27 09:00:00,23.9,85.5, ,NI
2021143N15090,YAAS,2021-05-27 12:00:00,24.3,85.3,25,NI
2021143N15090,YAAS,2021-05-27 15:00:00,24.5,85.1, ,NI
2021143N15090,YAAS,2021-05-27 18:00:00,24.7,84.8,25,NI
2021256N20087,UNNAMED,2021-09-12 12:00:00,20.3,87.4,25,NI
2021256N20087,UNNAMED,2021-09-12 15:00:00,20.4,87.2, ,NI
2021256N20087,UNNAMED,2021-09-12 18:00:00,20.4,87.1,25,NI
2021256N20087,UNNAMED,2021-09-12 21:00:00,20.5,87.1, ,NI
2021256N20087,UNNAMED,2021-09-13 00:00:00,20.6,87.0,30,NI
2021256N20087,UNNAMED,2021-09-13 03:00:00,20.9,86.5,30,NI
2021256N20087,UNNAMED,2021-09-13 06:00:00,21.1,86.2,30,NI
2021256N20087,UNNAMED,2021-09-13 09:00:00,21.3,85.9, ,NI
2021256N20087,UNNAMED,2021-09-13 12:00:00,21.4,85.5,30,NI
2021256N20087,UNNAMED,2021-09-13 15:00:00,21.5,85.2, ,NI
2021256N20087,UNNAMED,2021-09-13 18:00:00,21.6,84.8,30,NI
2021256N20087,UNNAMED,2021-09-13 21:00:00,21.8,84.2, ,NI
2021256N20087,UNNAMED,2021-09-14 00:00:00,22.0,83.6,30,NI
2021256N20087,UNNAMED,2021-09-14 03:00:00,22.1,83.4,25,NI
2021256N20087,UNNAMED,2021-09-14 06:00:00,22.4,83.0,25,NI
2021256N20087,UNNAMED,2021-09-14 09:00:00,22.6,82.7, ,NI
2021256N20087,UNNAMED,2021-09-14 12:00:00,22.7,82.5,25,NI
2021256N20087,UNNAMED,2021-09-14 15:00:00,22.8,82.3, ,NI
2021256N20087,UNNAMED,2021-09-14 18:00:00,23.0,82.0,25,NI
2021264N13119,DIANMU,2021-09-25 21:00:00,16.1,99.9, ,NI
2021264N13119,DIANMU,2021-09-26 00:00:00,16.1,99.5, ,NI
2021267N18094,GULAB:SHAHEEN-GU,2021-09-23 18:00:00,18.4,94.1, ,NI
2021267N18094,GULAB:SHAHEEN-GU,2021-09-23 21:00:00,18.2,93.7, ,NI
2021267N18094,GULAB:SHAHEEN-GU,2021-09-24 00:00:00,18.1,93.3, ,NI
2021267N18094,GULAB:SHAHEEN-GU,2021-09-24 03:00:00,18.2,92.9, ,NI
2021267N18094,GULAB:SHAHEEN-GU,2021-09-24 06:00:00,18.3,92.4, ,NI
2021267N18094,GULAB:SHAHEEN-GU,2021-09-24 09:00:00,18.3,91.9, ,NI
2021267N18094,GULAB:SHAHEEN-GU,2021-09-24 12:00:00,18.3,91.4,25,NI
2021267N18094,GULAB:SHAHEEN-GU,2021-09-24 15:00:00,18.3,90.9, ,NI
2021267N18094,GULAB:SHAHEEN-GU,2021-09-24 18:00:00,18.3,90.5,25,NI
2021267N18094,GULAB:SHAHEEN-GU,2021-09-24 21:00:00,18.3,90.1, ,NI
2021267N18094,GULAB:SHAHEEN-GU,2021-09-25 00:00:00,18.3,89.8,30,NI
2021267N18094,GULAB:SHAHEEN-GU,2021-09-25 03:00:00,18.3,89.4,30,NI
2021267N18094,GULAB:SHAHEEN-GU,2021-09-25 06:00:00,18.3,88.9,30,NI
2021267N18094,GULAB:SHAHEEN-GU,2021-09-25 09:00:00,18.3,88.6, ,NI
2021267N18094,GULAB:SHAHEEN-GU,2021-09-25 12:00:00,18.3,88.5,35,NI
2021267N18094,GULAB:SHAHEEN-GU,2021-09-25 15:00:00,18.2,88.4,35,NI
2021267N18094,GULAB:SHAHEEN-GU,2021-09-25 18:00:00,18.3,88.2,35,NI
2021267N18094,GULAB:SHAHEEN-GU,2021-09-25 21:00:00,18.3,87.7,35,NI
2021267N18094,GULAB:SHAHEEN-GU,2021-09-26 00:00:00,18.3,87.3,40,NI
2021267N18094,GULAB:SHAHEEN-GU,2021-09-26 03:00:00,18.4,86.5,40,NI
2021267N18094,GULAB:SHAHEEN-GU,2021-09-26 06:00:00,18.5,86.0,45,NI
2021267N18094,GULAB:SHAHEEN-GU,2021-09-26 09:00:00,18.4,85.3,45,NI
2021267N18094,GULAB:SHAHEEN-GU,2021-09-26 12:00:00,18.4,84.6,45,NI
2021267N18094,GULAB:SHAHEEN-GU,2021-09-26 15:00:00,18.3,83.9,45,NI
2021267N18094,GULAB:SHAHEEN-GU,2021-09-26 18:00:00,18.3,83.4,35,NI
2021267N18094,GULAB:SHAHEEN-GU,2021-09-26 21:00:00,18.2,82.9,30,NI
2021267N18094,GULAB:SHAHEEN-GU,2021-09-27 00:00:00,18.2,82.6,30,NI
2021267N18094,GULAB:SHAHEEN-GU,2021-09-27 03:00:00,18.2,82.2,30,NI
2021267N18094,GULAB:SHAHEEN-GU,2021-09-27 06:00:00,18.5,81.7,30,NI
2021267N18094,GULAB:SHAHEEN-GU,2021-09-27 09:00:00,18.6,80.8, ,NI
2021267N18094,GULAB:SHAHEEN-GU,2021-09-27 12:00:00,18.8,80.0,25,NI
2021267N18094,GULAB:SHAHEEN-GU,2021-09-27 15:00:00,18.9,79.5, ,NI
2021267N18094,GULAB:SHAHEEN-GU,2021-09-27 18:00:00,19.1,79.2,25,NI
2021267N18094,GULAB:SHAHEEN-GU,2021-09-27 21:00:00,19.2,78.8, ,NI
2021267N18094,GULAB:SHAHEEN-GU,2021-09-28 00:00:00,19.5,78.3,25,NI
2021267N18094,GULAB:SHAHEEN-GU,2021-09-28 03:00:00,19.8,77.8,20,NI
2021267N18094,GULAB:SHAHEEN-GU,2021-09-28 06:00:00,20.1,77.5, ,NI
2021267N18094,GULAB:SHAHEEN-GU,2021-09-28 09:00:00,20.3,77.0, ,NI
2021267N18094,GULAB:SHAHEEN-GU,2021-09-28 12:00:00,20.5,76.5, ,NI
2021267N18094,GULAB:SHAHEEN-GU,2021-09-28 15:00:00,20.7,75.9, ,NI
2021267N18094,GULAB:SHAHEEN-GU,2021-09-28 18:00:00,20.9,75.3, ,NI
2021267N18094,GULAB:SHAHEEN-GU,2021-09-28 21:00:00,21.2,74.7, ,NI
2021267N18094,GULAB:SHAHEEN-GU,2021-09-29 00:00:00,21.5,74.1, ,NI
2021267N18094,GULAB:SHAHEEN-GU,2021-09-29 03:00:00,21.9,73.3, ,NI
2021267N18094,GULAB:SHAHEEN-GU,2021-09-29 06:00:00,22.2,72.6, ,NI
2021267N18094,GULAB:SHAHEEN-GU,2021-09-29 09:00:00,22.4,72.0, ,NI
2021267N18094,GULAB:SHAHEEN-GU,2021-09-29 12:00:00,22.6,71.5, ,NI
2021267N18094,GULAB:SHAHEEN-GU,2021-09-29 15:00:00,22.7,70.8, ,NI
2021267N18094,GULAB:SHAHEEN-GU,2021-09-29 18:00:00,22.7,70.1, ,NI
2021267N18094,GULAB:SHAHEEN-GU,2021-09-29 21:00:00,22.7,69.6, ,NI
2021267N18094,GULAB:SHAHEEN-GU,2021-09-30 00:00:00,22.6,69.3,25,NI
2021267N18094,GULAB:SHAHEEN-GU,2021-09-30 03:00:00,22.6,68.7,25,NI
2021267N18094,GULAB:SHAHEEN-GU,2021-09-30 06:00:00,22.6,68.3,25,NI
2021267N18094,GULAB:SHAHEEN-GU,2021-09-30 09:00:00,22.8,67.7, ,NI
2021267N18094,GULAB:SHAHEEN-GU,2021-09-30 12:00:00,22.9,67.2,25,NI
2021267N18094,GULAB:SHAHEEN-GU,2021-09-30 15:00:00,22.9,66.8, ,NI
2021267N18094,GULAB:SHAHEEN-GU,2021-09-30 18:00:00,23.0,66.4,30,NI
2021267N18094,GULAB:SHAHEEN-GU,2021-09-30 21:00:00,23.0,65.9, ,NI
2021267N18094,GULAB:SHAHEEN-GU,2021-10-01 00:00:00,23.1,65.4,35,NI
2021267N18094,GULAB:SHAHEEN-GU,2021-10-01 03:00:00,23.1,64.9,40,NI
2021267N18094,GULAB:SHAHEEN-GU,2021-10-01 06:00:00,23.2,64.6,45,NI
2021267N18094,GULAB:SHAHEEN-GU,2021-10-01 09:00:00,23.3,64.2,45,NI
2021267N18094,GULAB:SHAHEEN-GU,2021-10-01 12:00:00,23.5,63.9,55,NI
2021267N18094,GULAB:SHAHEEN-GU,2021-10-01 15:00:00,23.6,63.5,55,NI
2021267N18094,GULAB:SHAHEEN-GU,2021-10-01 18:00:00,23.7,63.2,60,NI
2021267N18094,GULAB:SHAHEEN-GU,2021-10-01 21:00:00,23.8,62.8,60,NI
2021267N18094,GULAB:SHAHEEN-GU,2021-10-02 00:00:00,23.8,62.5,60,NI
2021267N18094,GULAB:SHAHEEN-GU,2021-10-02 03:00:00,24.0,62.1,60,NI
2021267N18094,GULAB:SHAHEEN-GU,2021-10-02 06:00:00,24.1,61.7,60,NI
2021267N18094,GULAB:SHAHEEN-GU,2021-10-02 09:00:00,24.2,61.3,60,NI
2021267N18094,GULAB:SHAHEEN-GU,2021-10-02 12:00:00,24.4,60.9,60,NI
2021267N18094,GULAB:SHAHEEN-GU,2021-10-02 15:00:00,24.4,60.5,60,NI
2021267N18094,GULAB:SHAHEEN-GU,2021-10-02 18:00:00,24.3,60.1,60,NI
2021267N18094,GULAB:SHAHEEN-GU,2021-10-02 21:00:00,24.3,59.7,60,NI
2021267N18094,GULAB:SHAHEEN-GU,2021-10-03 00:00:00,24.2,59.5,60,NI
2021267N18094,GULAB:SHAHEEN-GU,2021-10-03 03:00:00,24.1,59.1,60,NI
2021267N18094,GULAB:SHAHEEN-GU,2021-10-03 06:00:00,24.1,58.8,60,NI
2021267N18094,GULAB:SHAHEEN-GU,2021-10-03 09:00:00,24.1,58.4,60,NI
2021267N18094,GULAB:SHAHEEN-GU,2021-10-03 12:00:00,24.0,58.1,60,NI
2021267N18094,GULAB:SHAHEEN-GU,2021-10-03 15:00:00,24.0,57.8,60,NI
2021267N18094,GULAB:SHAHEEN-GU,2021-10-03 18:00:00,23.9,57.6,55,NI
2021267N18094,GULAB:SHAHEEN-GU,2021-10-03 21:00:00,23.8,57.3,55,NI
2021267N18094,GULAB:SHAHEEN-GU,2021-10-04 00:00:00,23.7,56.9,40,NI
2021267N18094,GULAB:SHAHEEN-GU,2021-10-04 03:00:00,23.5,56.5,30,NI
2021267N18094,GULAB:SHAHEEN-GU,2021-10-04 06:00:00,23.4,56.1,20,NI
2021280N14068,UNNAMED,2021-10-07 03:00:00,14.0,67.5,25,NI
2021280N14068,UNNAMED,2021-10-07 06:00:00,14.2,67.2,25,NI
2021280N14068,UNNAMED,2021-10-07 09:00:00,14.3,67.1, ,NI
2021280N14068,UNNAMED,2021-10-07 12:00:00,14.3,67.0,25,NI
2021280N14068,UNNAMED,2021-10-07 15:00:00,14.4,66.9, ,NI
2021280N14068,UNNAMED,2021-10-07 18:00:00,14.5,66.8,25,NI
2021280N14068,UNNAMED,2021-10-07 21:00:00,14.5,66.7, ,NI
2021280N14068,UNNAMED,2021-10-08 00:00:00,14.6,66.6,25,NI
2021280N14068,UNNAMED,2021-10-08 03:00:00,14.7,66.4,25,NI
2021280N14068,UNNAMED,2021-10-08 06:00:00,14.7,66.2,25,NI
2021280N14068,UNNAMED,2021-10-08 09:00:00,14.7,66.0, ,NI
2021280N14068,UNNAMED,2021-10-08 12:00:00,14.6,65.9,25,NI
2021280N14068,UNNAMED,2021-10-08 15:00:00,14.5,65.8, ,NI
2021280N14068,UNNAMED,2021-10-08 18:00:00,14.5,65.8,25,NI
2021312N07090,UNNAMED,2021-11-08 06:00:00,7.4,90.1, ,NI
2021312N07090,UNNAMED,2021-11-08 09:00:00,7.7,89.8, ,NI
2021312N07090,UNNAMED,2021-11-08 12:00:00,8.0,89.4, ,NI
2021312N07090,UNNAMED,2021-11-08 15:00:00,8.1,89.0, ,NI
2021312N07090,UNNAMED,2021-11-08 18:00:00,8.2,88.6, ,NI
2021312N07090,UNNAMED,2021-11-08 21:00:00,8.4,88.2, ,NI
2021312N07090,UNNAMED,2021-11-09 00:00:00,8.5,87.9, ,NI
2021312N07090,UNNAMED,2021-11-09 03:00:00,8.6,87.8, ,NI
2021312N07090,UNNAMED,2021-11-09 06:00:00,8.7,87.8, ,NI
2021312N07090,UNNAMED,2021-11-09 09:00:00,8.8,87.7, ,NI
2021312N07090,UNNAMED,2021-11-09 12:00:00,9.0,87.5, ,NI
2021312N07090,UNNAMED,2021-11-09 15:00:00,9.3,87.3, ,NI
2021312N07090,UNNAMED,2021-11-09 18:00:00,9.6,86.9, ,NI
2021312N07090,UNNAMED,2021-11-09 21:00:00,9.8,86.5, ,NI
2021312N07090,UNNAMED,2021-11-10 00:00:00,9.9,85.9, ,NI
2021312N07090,UNNAMED,2021-11-10 03:00:00,10.1,85.1, ,NI
2021312N07090,UNNAMED,2021-11-10 06:00:00,10.3,84.2, ,NI
2021312N07090,UNNAMED,2021-11-10 09:00:00,10.5,83.5, ,NI
2021312N07090,UNNAMED,2021-11-10 12:00:00,10.8,83.1,25,NI
2021312N07090,UNNAMED,2021-11-10 15:00:00,11.4,82.6, ,NI
2021312N07090,UNNAMED,2021-11-10 18:00:00,11.9,82.1,25,NI
2021312N07090,UNNAMED,2021-11-10 21:00:00,12.1,81.8, ,NI
2021312N07090,UNNAMED,2021-11-11 00:00:00,12.3,81.6,25,NI
2021312N07090,UNNAMED,2021-11-11 03:00:00,12.5,81.2,25,NI
2021312N07090,UNNAMED,2021-11-11 06:00:00,12.8,80.8,25,NI
2021312N07090,UNNAMED,2021-11-11 09:00:00,12.9,80.4, ,NI
2021312N07090,UNNAMED,2021-11-11 12:00:00,13.0,80.1,25,NI
2021312N07090,UNNAMED,2021-11-11 15:00:00,12.9,79.4, ,NI
2021312N07090,UNNAMED,2021-11-11 18:00:00,12.9,78.5,20,NI
2021322N11082,UNNAMED,2021-11-18 03:00:00,11.0,82.3,25,NI
2021322N11082,UNNAMED,2021-11-18 06:00:00,11.2,81.7,25,NI
2021322N11082,UNNAMED,2021-11-18 09:00:00,11.5,81.2, ,NI
2021322N11082,UNNAMED,2021-11-18 12:00:00,11.8,80.9,25,NI
2021322N11082,UNNAMED,2021-11-18 15:00:00,12.0,80.7, ,NI
2021322N11082,UNNAMED,2021-11-18 18:00:00,12.2,80.5,25,NI
2021322N11082,UNNAMED,2021-11-18 21:00:00,12.3,80.3, ,NI
2021322N11082,UNNAMED,2021-11-19 00:00:00,12.5,80.0,25,NI
2021322N11082,UNNAMED,2021-11-19 03:00:00,12.7,79.7,20,NI
2021335N08096,JAWAD,2021-11-30 18:00:00,8.4,96.3, ,NI
2021335N08096,JAWAD,2021-11-30 21:00:00,8.0,96.1, ,NI
2021335N08096,JAWAD,2021-12-01 00:00:00,7.8,95.7, ,NI
2021335N08096,JAWAD,2021-12-01 03:00:00,7.8,94.9, ,NI
2021335N08096,JAWAD,2021-12-01 06:00:00,8.0,94.0, ,NI
2021335N08096,JAWAD,2021-12-01 09:00:00,8.1,93.4, ,NI
2021335N08096,JAWAD,2021-12-01 12:00:00,8.2,92.9, ,NI
2021335N08096,JAWAD,2021-12-01 15:00:00,8.5,92.3, ,NI
2021335N08096,JAWAD,2021-12-01 18:00:00,8.9,91.8, ,NI
2021335N08096,JAWAD,2021-12-01 21:00:00,9.2,91.3, ,NI
2021335N08096,JAWAD,2021-12-02 00:00:00,9.6,90.8, ,NI
2021335N08096,JAWAD,2021-12-02 03:00:00,10.0,90.1, ,NI
2021335N08096,JAWAD,2021-12-02 06:00:00,10.5,89.3, ,NI
2021335N08096,JAWAD,2021-12-02 09:00:00,11.0,88.7, ,NI
2021335N08096,JAWAD,2021-12-02 12:00:00,11.4,88.4,25,NI
2021335N08096,JAWAD,2021-12-02 15:00:00,11.8,87.9, ,NI
2021335N08096,JAWAD,2021-12-02 18:00:00,12.2,87.3,25,NI
2021335N08096,JAWAD,2021-12-02 21:00:00,12.9,86.7, ,NI
2021335N08096,JAWAD,2021-12-03 00:00:00,13.6,86.2,30,NI
2021335N08096,JAWAD,2021-12-03 03:00:00,14.0,85.9,30,NI
2021335N08096,JAWAD,2021-12-03 06:00:00,14.4,85.6,35,NI
2021335N08096,JAWAD,2021-12-03 09:00:00,14.7,85.3,35,NI
2021335N08096,JAWAD,2021-12-03 12:00:00,15.0,85.1,40,NI
2021335N08096,JAWAD,2021-12-03 15:00:00,15.2,85.0,40,NI
2021335N08096,JAWAD,2021-12-03 18:00:00,15.5,84.9,40,NI
2021335N08096,JAWAD,2021-12-03 21:00:00,15.7,84.9,40,NI
2021335N08096,JAWAD,2021-12-04 00:00:00,16.0,84.8,40,NI
2021335N08096,JAWAD,2021-12-04 03:00:00,16.2,84.8,40,NI
2021335N08096,JAWAD,2021-12-04 06:00:00,16.3,84.9,35,NI
2021335N08096,JAWAD,2021-12-04 09:00:00,16.5,84.9,35,NI
2021335N08096,JAWAD,2021-12-04 12:00:00,16.8,85.1,30,NI
2021335N08096,JAWAD,2021-12-04 15:00:00,17.1,85.1, ,NI
2021335N08096,JAWAD,2021-12-04 18:00:00,17.3,85.3,30,NI
2021335N08096,JAWAD,2021-12-04 21:00:00,17.4,85.4, ,NI
2021335N08096,JAWAD,2021-12-05 00:00:00,17.7,85.7,30,NI
2021335N08096,JAWAD,2021-12-05 03:00:00,18.3,85.8,30,NI
2021335N08096,JAWAD,2021-12-05 06:00:00,18.7,86.1,30,NI
2021335N08096,JAWAD,2021-12-05 09:00:00,19.0,86.3,25,NI
2021335N08096,JAWAD,2021-12-05 12:00:00,19.5,86.7,25,NI
2021335N08096,JAWAD,2021-12-05 15:00:00,20.0,87.0, ,NI
2021335N08096,JAWAD,2021-12-05 18:00:00,20.7,87.2,25,NI
2021335N08096,JAWAD,2021-12-05 21:00:00,21.2,87.4, ,NI
2021335N08096,JAWAD,2021-12-06 00:00:00,21.5,87.7, ,NI
2021335N08096,JAWAD,2021-12-06 03:00:00,21.9,88.1, ,NI
2021335N08096,JAWAD,2021-12-06 06:00:00,22.3,88.5, ,NI
2022062N06085,UNNAMED,2022-03-03 00:00:00,6.5,84.9,25,NI
2022062N06085,UNNAMED,2022-03-03 03:00:00,6.5,84.4,25,NI
2022062N06085,UNNAMED,2022-03-03 06:00:00,6.8,84.0,25,NI
2022062N06085,UNNAMED,2022-03-03 09:00:00,7.2,83.8, ,NI
2022062N06085,UNNAMED,2022-03-03 12:00:00,7.7,83.7,25,NI
2022062N06085,UNNAMED,2022-03-03 15:00:00,8.0,83.5, ,NI
2022062N06085,UNNAMED,2022-03-03 18:00:00,8.2,83.4,25,NI
2022062N06085,UNNAMED,2022-03-03 21:00:00,8.4,83.2, ,NI
2022062N06085,UNNAMED,2022-03-04 00:00:00,8.7,83.2,25,NI
2022062N06085,UNNAMED,2022-03-04 03:00:00,9.1,83.1,25,NI
2022062N06085,UNNAMED,2022-03-04 06:00:00,9.5,83.1,25,NI
2022062N06085,UNNAMED,2022-03-04 09:00:00,9.9,83.1, ,NI
2022062N06085,UNNAMED,2022-03-04 12:00:00,10.3,83.2,30,NI
2022062N06085,UNNAMED,2022-03-04 15:00:00,10.6,83.3, ,NI
2022062N06085,UNNAMED,2022-03-04 18:00:00,10.9,83.4,30,NI
2022062N06085,UNNAMED,2022-03-04 21:00:00,11.1,83.3, ,NI
2022062N06085,UNNAMED,2022-03-05 00:00:00,11.3,83.3,30,NI
2022062N06085,UNNAMED,2022-03-05 03:00:00,11.5,83.2,30,NI
2022062N06085,UNNAMED,2022-03-05 06:00:00,11.6,83.1,30,NI
2022062N06085,UNNAMED,2022-03-05 09:00:00,11.6,83.1, ,NI
2022062N06085,UNNAMED,2022-03-05 12:00:00,11.5,83.0,30,NI
2022062N06085,UNNAMED,2022-03-05 15:00:00,11.4,82.8, ,NI
2022062N06085,UNNAMED,2022-03-05 18:00:00,11.3,82.7,25,NI
2022062N06085,UNNAMED,2022-03-05 21:00:00,11.1,82.6, ,NI
2022062N06085,UNNAMED,2022-03-06 00:00:00,11.0,82.4,25,NI
2022062N06085,UNNAMED,2022-03-06 03:00:00,10.9,82.1, ,NI
2022062N06085,UNNAMED,2022-03-06 06:00:00,10.9,81.8, ,NI
2022062N06085,UNNAMED,2022-03-06 09:00:00,10.9,81.4, ,NI
2022062N06085,UNNAMED,2022-03-06 12:00:00,10.8,81.0, ,NI
2022062N06085,UNNAMED,2022-03-06 15:00:00,10.8,80.6, ,NI
2022062N06085,UNNAMED,2022-03-06 18:00:00,10.7,80.3, ,NI
2022079N10093,UNNAMED,2022-03-20 00:00:00,9.8,92.5,25,NI
2022079N10093,UNNAMED,2022-03-20 03:00:00,10.1,92.6,25,NI
2022079N10093,UNNAMED,2022-03-20 06:00:00,10.4,92.9,25,NI
2022079N10093,UNNAMED,2022-03-20 09:00:00,10.7,93.1, ,NI
2022079N10093,UNNAMED,2022-03-20 12:00:00,10.9,93.2,25,NI
2022079N10093,UNNAMED,2022-03-20 15:00:00,11.1,93.3, ,NI
2022079N10093,UNNAMED,2022-03-20 18:00:00,11.3,93.4,25,NI
2022079N10093,UNNAMED,2022-03-20 21:00:00,11.6,93.6, ,NI
2022079N10093,UNNAMED,2022-03-21 00:00:00,11.9,93.7,30,NI
2022079N10093,UNNAMED,2022-03-21 03:00:00,12.3,93.8,30,NI
2022079N10093,UNNAMED,2022-03-21 06:00:00,12.6,93.9,30,NI
2022079N10093,UNNAMED,2022-03-21 09:00:00,12.9,94.0, ,NI
2022079N10093,UNNAMED,2022-03-21 12:00:00,13.3,94.0,30,NI
2022079N10093,UNNAMED,2022-03-21 15:00:00,13.6,94.0, ,NI
2022079N10093,UNNAMED,2022-03-21 18:00:00,14.0,94.0,30,NI
2022079N10093,UNNAMED,2022-03-21 21:00:00,14.5,94.1, ,NI
2022079N10093,UNNAMED,2022-03-22 00:00:00,14.9,94.2,30,NI
2022079N10093,UNNAMED,2022-03-22 03:00:00,15.2,94.2,30,NI
2022079N10093,UNNAMED,2022-03-22 06:00:00,15.8,94.2,30,NI
2022079N10093,UNNAMED,2022-03-22 09:00:00,16.3,94.3,30,NI
2022079N10093,UNNAMED,2022-03-22 12:00:00,16.6,94.4,25,NI
2022079N10093,UNNAMED,2022-03-22 15:00:00,17.0,94.5, ,NI
2022079N10093,UNNAMED,2022-03-22 18:00:00,17.6,94.5,25,NI
2022079N10093,UNNAMED,2022-03-22 21:00:00,18.3,94.5, ,NI
2022079N10093,UNNAMED,2022-03-23 00:00:00,19.0,94.6,20,NI
2022126N07095,ASANI,2022-05-05 12:00:00,7.1,94.5, ,NI
2022126N07095,ASANI,2022-05-05 15:00:00,7.2,94.2, ,NI
2022126N07095,ASANI,2022-05-05 18:00:00,7.4,94.0, ,NI
2022126N07095,ASANI,2022-05-05 21:00:00,7.6,93.8, ,NI
2022126N07095,ASANI,2022-05-06 00:00:00,7.7,93.6, ,NI
2022126N07095,ASANI,2022-05-06 03:00:00,7.8,93.4, ,NI
2022126N07095,ASANI,2022-05-06 06:00:00,7.9,93.3, ,NI
2022126N07095,ASANI,2022-05-06 09:00:00,8.0,93.1, ,NI
2022126N07095,ASANI,2022-05-06 12:00:00,8.2,92.9, ,NI
2022126N07095,ASANI,2022-05-06 15:00:00,8.3,92.7, ,NI
2022126N07095,ASANI,2022-05-06 18:00:00,8.5,92.4, ,NI
2022126N07095,ASANI,2022-05-06 21:00:00,8.9,91.9, ,NI
2022126N07095,ASANI,2022-05-07 00:00:00,9.2,91.5, ,NI
2022126N07095,ASANI,2022-05-07 03:00:00,9.3,91.3, ,NI
2022126N07095,ASANI,2022-05-07 06:00:00,9.4,91.2,25,NI
2022126N07095,ASANI,2022-05-07 09:00:00,9.7,90.8, ,NI
2022126N07095,ASANI,2022-05-07 12:00:00,10.1,90.5,30,NI
2022126N07095,ASANI,2022-05-07 15:00:00,10.4,90.2, ,NI
2022126N07095,ASANI,2022-05-07 18:00:00,10.7,90.0,30,NI
2022126N07095,ASANI,2022-05-07 21:00:00,10.9,89.6, ,NI
2022126N07095,ASANI,2022-05-08 00:00:00,11.2,89.3,35,NI
2022126N07095,ASANI,2022-05-08 03:00:00,11.5,88.9,40,NI
2022126N07095,ASANI,2022-05-08 06:00:00,11.9,88.6,45,NI
2022126N07095,ASANI,2022-05-08 09:00:00,12.1,88.2,45,NI
2022126N07095,ASANI,2022-05-08 12:00:00,12.5,88.0,50,NI
2022126N07095,ASANI,2022-05-08 15:00:00,12.8,87.6,50,NI
2022126N07095,ASANI,2022-05-08 18:00:00,13.1,87.4,55,NI
2022126N07095,ASANI,2022-05-08 21:00:00,13.5,86.9,55,NI
2022126N07095,ASANI,2022-05-09 00:00:00,13.8,86.5,55,NI
2022126N07095,ASANI,2022-05-09 03:00:00,14.0,86.2,55,NI
2022126N07095,ASANI,2022-05-09 06:00:00,14.3,85.9,55,NI
2022126N07095,ASANI,2022-05-09 09:00:00,14.4,85.6,55,NI
2022126N07095,ASANI,2022-05-09 12:00:00,14.6,85.3,55,NI
2022126N07095,ASANI,2022-05-09 15:00:00,14.7,85.0,55,NI
2022126N07095,ASANI,2022-05-09 18:00:00,14.8,84.7,55,NI
2022126N07095,ASANI,2022-05-09 21:00:00,14.9,84.4,55,NI
2022126N07095,ASANI,2022-05-10 00:00:00,15.0,84.1,55,NI
2022126N07095,ASANI,2022-05-10 03:00:00,15.1,83.6,55,NI
2022126N07095,ASANI,2022-05-10 06:00:00,15.2,83.3,55,NI
2022126N07095,ASANI,2022-05-10 09:00:00,15.2,82.9,55,NI
2022126N07095,ASANI,2022-05-10 12:00:00,15.4,82.6,50,NI
2022126N07095,ASANI,2022-05-10 15:00:00,15.4,82.2,50,NI
2022126N07095,ASANI,2022-05-10 18:00:00,15.6,82.0,50,NI
2022126N07095,ASANI,2022-05-10 21:00:00,15.7,81.8,45,NI
2022126N07095,ASANI,2022-05-11 00:00:00,15.8,81.7,45,NI
2022126N07095,ASANI,2022-05-11 03:00:00,15.9,81.6,45,NI
2022126N07095,ASANI,2022-05-11 06:00:00,16.0,81.5,40,NI
2022126N07095,ASANI,2022-05-11 09:00:00,16.0,81.4,40,NI
2022126N07095,ASANI,2022-05-11 12:00:00,16.1,81.3,30,NI
2022126N07095,ASANI,2022-05-11 15:00:00,16.0,81.1,30,NI
2022126N07095,ASANI,2022-05-11 18:00:00,15.9,80.9,30,NI
2022126N07095,ASANI,2022-05-11 21:00:00,15.8,80.6, ,NI
2022126N07095,ASANI,2022-05-12 00:00:00,15.6,80.4,25,NI
2022126N07095,ASANI,2022-05-12 03:00:00,15.2,80.2, ,NI
2022126N07095,ASANI,2022-05-12 06:00:00,15.1,80.1, ,NI
2022126N07095,ASANI,2022-05-12 09:00:00,15.0,80.1, ,NI
2022126N07095,ASANI,2022-05-12 12:00:00,15.0,80.2, ,NI
2022126N07095,ASANI,2022-05-12 15:00:00,14.8,80.2, ,NI
2022126N07095,ASANI,2022-05-12 18:00:00,14.7,80.3, ,NI
2022126N07095,ASANI,2022-05-12 21:00:00,14.7,80.6, ,NI
2022126N07095,ASANI,2022-05-13 00:00:00,14.7,81.0, ,NI
2022126N07095,ASANI,2022-05-13 03:00:00,14.7,81.3, ,NI
2022126N07095,ASANI,2022-05-13 06:00:00,14.8,81.5, ,NI
2022140N16097,UNNAMED,2022-05-20 03:00:00,16.3,97.3,25,NI
2022140N16097,UNNAMED,2022-05-20 06:00:00,16.4,97.4,25,NI
2022140N16097,UNNAMED,2022-05-20 09:00:00,16.8,97.6,25,NI
2022140N16097,UNNAMED,2022-05-20 12:00:00,17.1,97.8,25,NI
2022140N16097,UNNAMED,2022-05-20 15:00:00,17.3,97.9, ,NI
2022140N16097,UNNAMED,2022-05-20 18:00:00,17.4,98.0,25,NI
2022197N22069,UNNAMED,2022-07-16 03:00:00,21.6,69.0,25,NI
2022197N22069,UNNAMED,2022-07-16 06:00:00,21.9,68.9,25,NI
2022197N22069,UNNAMED,2022-07-16 09:00:00,22.0,68.8, ,NI
2022197N22069,UNNAMED,2022-07-16 12:00:00,22.1,68.8,25,NI
2022197N22069,UNNAMED,2022-07-16 15:00:00,22.3,68.8, ,NI
2022197N22069,UNNAMED,2022-07-16 18:00:00,22.6,68.7,25,NI
2022197N22069,UNNAMED,2022-07-16 21:00:00,22.7,68.6, ,NI
2022197N22069,UNNAMED,2022-07-17 00:00:00,22.8,68.5,25,NI
2022197N22069,UNNAMED,2022-07-17 03:00:00,23.0,68.2,25,NI
2022197N22069,UNNAMED,2022-07-17 06:00:00,23.2,67.8,25,NI
2022197N22069,UNNAMED,2022-07-17 09:00:00,23.3,67.6, ,NI
2022197N22069,UNNAMED,2022-07-17 12:00:00,23.4,67.4,25,NI
2022197N22069,UNNAMED,2022-07-17 15:00:00,23.4,66.9, ,NI
2022197N22069,UNNAMED,2022-07-17 18:00:00,23.4,66.3,20,NI
2022221N21086,UNNAMED,2022-08-09 03:00:00,20.8,85.6,25,NI
2022221N21086,UNNAMED,2022-08-09 06:00:00,20.8,85.3,25,NI
2022221N21086,UNNAMED,2022-08-09 09:00:00,21.0,84.8, ,NI
2022221N21086,UNNAMED,2022-08-09 12:00:00,21.2,84.2,25,NI
2022221N21086,UNNAMED,2022-08-09 15:00:00,21.4,83.7, ,NI
2022221N21086,UNNAMED,2022-08-09 18:00:00,21.5,83.3,20,NI
2022224N22067,UNNAMED,2022-08-11 18:00:00,22.1,67.2, ,NI
2022224N22067,UNNAMED,2022-08-11 21:00:00,22.0,66.9, ,NI
2022224N22067,UNNAMED,2022-08-12 00:00:00,21.8,66.6, ,NI
2022224N22067,UNNAMED,2022-08-12 03:00:00,21.8,66.4,25,NI
2022224N22067,UNNAMED,2022-08-12 06:00:00,21.9,66.1,25,NI
2022224N22067,UNNAMED,2022-08-12 09:00:00,22.0,65.6, ,NI
2022224N22067,UNNAMED,2022-08-12 12:00:00,22.1,65.2,25,NI
2022224N22067,UNNAMED,2022-08-12 15:00:00,22.2,64.9, ,NI
2022224N22067,UNNAMED,2022-08-12 18:00:00,22.3,64.6,25,NI
2022224N22067,UNNAMED,2022-08-12 21:00:00,22.2,64.2, ,NI
2022224N22067,UNNAMED,2022-08-13 00:00:00,22.0,63.9,25,NI
2022224N22067,UNNAMED,2022-08-13 03:00:00,21.8,63.6,25,NI
2022224N22067,UNNAMED,2022-08-13 06:00:00,21.6,63.6,20,NI
2022224N22067,UNNAMED,2022-08-13 09:00:00,21.5,64.0, ,NI
2022224N22067,UNNAMED,2022-08-13 12:00:00,21.6,64.7, ,NI
2022224N22067,UNNAMED,2022-08-13 15:00:00,21.8,65.4, ,NI
2022224N22067,UNNAMED,2022-08-13 18:00:00,22.2,66.1, ,NI
2022224N22067,UNNAMED,2022-08-13 21:00:00,22.6,66.4, ,NI
2022224N22067,UNNAMED,2022-08-14 00:00:00,23.1,66.6, ,NI
2022224N22067,UNNAMED,2022-08-14 03:00:00,23.5,66.8, ,NI
2022226N22088,UNNAMED,2022-08-14 03:00:00,21.7,87.8,25,NI
2022226N22088,UNNAMED,2022-08-14 06:00:00,21.8,87.5,25,NI
2022226N22088,UNNAMED,2022-08-14 09:00:00,22.0,86.9, ,NI
2022226N22088,UNNAMED,2022-08-14 12:00:00,22.1,86.0,25,NI
2022226N22088,UNNAMED,2022-08-14 15:00:00,22.2,85.0, ,NI
2022226N22088,UNNAMED,2022-08-14 18:00:00,22.2,84.0,25,NI
2022226N22088,UNNAMED,2022-08-14 21:00:00,22.3,83.4, ,NI
2022226N22088,UNNAMED,2022-08-15 00:00:00,22.4,82.8,25,NI
2022226N22088,UNNAMED,2022-08-15 03:00:00,22.6,82.0,25,NI
2022226N22088,UNNAMED,2022-08-15 06:00:00,22.8,81.1,25,NI
2022226N22088,UNNAMED,2022-08-15 09:00:00,23.1,80.4, ,NI
2022226N22088,UNNAMED,2022-08-15 12:00:00,23.3,79.8,25,NI
2022226N22088,UNNAMED,2022-08-15 15:00:00,23.4,79.4, ,NI
2022226N22088,UNNAMED,2022-08-15 18:00:00,23.6,79.0,25,NI
2022226N22088,UNNAMED,2022-08-15 21:00:00,23.9,78.4, ,NI
2022226N22088,UNNAMED,2022-08-16 00:00:00,24.3,77.6,25,NI
2022226N22088,UNNAMED,2022-08-16 03:00:00,24.7,76.5,25,NI
2022226N22088,UNNAMED,2022-08-16 06:00:00,24.9,76.1,20,NI
2022230N18095,UNNAMED,2022-08-17 12:00:00,18.0,95.0, ,NI
2022230N18095,UNNAMED,2022-08-17 15:00:00,18.3,94.5, ,NI
2022230N18095,UNNAMED,2022-08-17 18:00:00,18.5,94.1, ,NI
2022230N18095,UNNAMED,2022-08-17 21:00:00,18.7,93.7, ,NI
2022230N18095,UNNAMED,2022-08-18 00:00:00,18.9,93.2, ,NI
2022230N18095,UNNAMED,2022-08-18 03:00:00,19.2,92.7, ,NI
2022230N18095,UNNAMED,2022-08-18 06:00:00,19.5,92.2, ,NI
2022230N18095,UNNAMED,2022-08-18 09:00:00,19.9,91.4, ,NI
2022230N18095,UNNAMED,2022-08-18 12:00:00,20.2,90.7, ,NI
2022230N18095,UNNAMED,2022-08-18 15:00:00,20.3,90.5, ,NI
2022230N18095,UNNAMED,2022-08-18 18:00:00,20.4,90.3, ,NI
2022230N18095,UNNAMED,2022-08-18 21:00:00,20.7,89.8, ,NI
2022230N18095,UNNAMED,2022-08-19 00:00:00,20.9,89.4,25,NI
2022230N18095,UNNAMED,2022-08-19 03:00:00,21.0,89.2,25,NI
2022230N18095,UNNAMED,2022-08-19 06:00:00,21.2,88.9,30,NI
2022230N18095,UNNAMED,2022-08-19 09:00:00,21.4,88.6, ,NI
2022230N18095,UNNAMED,2022-08-19 12:00:00,21.6,88.1,30,NI
2022230N18095,UNNAMED,2022-08-19 15:00:00,21.9,87.6,30,NI
2022230N18095,UNNAMED,2022-08-19 18:00:00,22.2,87.0,30,NI
2022230N18095,UNNAMED,2022-08-19 21:00:00,22.4,86.4, ,NI
2022230N18095,UNNAMED,2022-08-20 00:00:00,22.6,85.9,30,NI
2022230N18095,UNNAMED,2022-08-20 03:00:00,22.7,85.4,30,NI
2022230N18095,UNNAMED,2022-08-20 06:00:00,22.9,84.7,30,NI
2022230N18095,UNNAMED,2022-08-20 09:00:00,23.1,84.1, ,NI
2022230N18095,UNNAMED,2022-08-20 12:00:00,23.3,83.6,30,NI
2022230N18095,UNNAMED,2022-08-20 15:00:00,23.4,83.2, ,NI
2022230N18095,UNNAMED,2022-08-20 18:00:00,23.5,82.9,30,NI
2022230N18095,UNNAMED,2022-08-20 21:00:00,23.6,82.6, ,NI
2022230N18095,UNNAMED,2022-08-21 00:00:00,23.7,82.2,25,NI
2022230N18095,UNNAMED,2022-08-21 03:00:00,23.8,81.7,25,NI
2022230N18095,UNNAMED,2022-08-21 06:00:00,24.0,81.2,25,NI
2022230N18095,UNNAMED,2022-08-21 09:00:00,24.1,80.8, ,NI
2022230N18095,UNNAMED,2022-08-21 12:00:00,24.2,80.5,25,NI
2022230N18095,UNNAMED,2022-08-21 15:00:00,24.3,80.1, ,NI
2022230N18095,UNNAMED,2022-08-21 18:00:00,24.3,79.8,25,NI
2022230N18095,UNNAMED,2022-08-21 21:00:00,24.3,79.5, ,NI
2022230N18095,UNNAMED,2022-08-22 00:00:00,24.3,79.1,25,NI
2022230N18095,UNNAMED,2022-08-22 03:00:00,24.3,78.4,25,NI
2022230N18095,UNNAMED,2022-08-22 06:00:00,24.4,77.8,25,NI
2022230N18095,UNNAMED,2022-08-22 09:00:00,24.4,77.5, ,NI
2022230N18095,UNNAMED,2022-08-22 12:00:00,24.4,77.4,25,NI
2022230N18095,UNNAMED,2022-08-22 15:00:00,24.5,77.0, ,NI
2022230N18095,UNNAMED,2022-08-22 18:00:00,24.6,76.6,20,NI
2022230N18095,UNNAMED,2022-08-22 21:00:00,24.7,76.3, ,NI
2022230N18095,UNNAMED,2022-08-23 00:00:00,24.8,76.2,20,NI
2022254N20085,UNNAMED,2022-09-11 00:00:00,19.5,84.7,25,NI
2022254N20085,UNNAMED,2022-09-11 03:00:00,19.7,84.0,25,NI
2022254N20085,UNNAMED,2022-09-11 06:00:00,19.8,83.3,25,NI
2022254N20085,UNNAMED,2022-09-11 09:00:00,19.9,82.4, ,NI
2022254N20085,UNNAMED,2022-09-11 12:00:00,19.9,81.7,25,NI
2022254N20085,UNNAMED,2022-09-11 15:00:00,20.0,81.4, ,NI
2022254N20085,UNNAMED,2022-09-11 18:00:00,20.1,81.2,25,NI
2022254N20085,UNNAMED,2022-09-11 21:00:00,20.4,81.0, ,NI
2022254N20085,UNNAMED,2022-09-12 00:00:00,20.8,80.8,20,NI
2022295N13093,SITRANG,2022-10-21 18:00:00,12.6,93.3, ,NI
2022295N13093,SITRANG,2022-10-21 21:00:00,12.9,92.9, ,NI
2022295N13093,SITRANG,2022-10-22 00:00:00,13.2,92.5, ,NI
2022295N13093,SITRANG,2022-10-22 03:00:00,13.4,92.1,25,NI
2022295N13093,SITRANG,2022-10-22 06:00:00,13.9,91.4,25,NI
2022295N13093,SITRANG,2022-10-22 09:00:00,14.2,90.9, ,NI
2022295N13093,SITRANG,2022-10-22 12:00:00,14.4,90.5,25,NI
2022295N13093,SITRANG,2022-10-22 15:00:00,14.7,90.0, ,NI
2022295N13093,SITRANG,2022-10-22 18:00:00,15.0,89.5,25,NI
2022295N13093,SITRANG,2022-10-22 21:00:00,15.2,89.1, ,NI
2022295N13093,SITRANG,2022-10-23 00:00:00,15.4,88.7,30,NI
2022295N13093,SITRANG,2022-10-23 03:00:00,15.5,88.3,30,NI
2022295N13093,SITRANG,2022-10-23 06:00:00,15.6,88.1,30,NI
2022295N13093,SITRANG,2022-10-23 09:00:00,15.8,88.1, ,NI
2022295N13093,SITRANG,2022-10-23 12:00:00,16.2,88.1,35,NI
2022295N13093,SITRANG,2022-10-23 15:00:00,16.6,88.4,35,NI
2022295N13093,SITRANG,2022-10-23 18:00:00,17.1,88.6,35,NI
2022295N13093,SITRANG,2022-10-23 21:00:00,17.5,88.8,40,NI
2022295N13093,SITRANG,2022-10-24 00:00:00,18.0,89.0,40,NI
2022295N13093,SITRANG,2022-10-24 03:00:00,18.7,89.3,45,NI
2022295N13093,SITRANG,2022-10-24 06:00:00,19.4,89.6,45,NI
2022295N13093,SITRANG,2022-10-24 09:00:00,20.0,89.9,45,NI
2022295N13093,SITRANG,2022-10-24 12:00:00,20.8,90.1,45,NI
2022295N13093,SITRANG,2022-10-24 15:00:00,21.8,90.4,45,NI
2022295N13093,SITRANG,2022-10-24 18:00:00,23.8,90.9,40,NI
2022295N13093,SITRANG,2022-10-24 21:00:00,24.3,91.0,30,NI
2022295N13093,SITRANG,2022-10-25 00:00:00,24.5,91.1,25,NI
2022324N10086,UNNAMED,2022-11-20 00:00:00,10.0,85.5,25,NI
2022324N10086,UNNAMED,2022-11-20 03:00:00,10.0,85.5,25,NI
2022324N10086,UNNAMED,2022-11-20 06:00:00,10.3,85.3,25,NI
2022324N10086,UNNAMED,2022-11-20 09:00:00,10.6,85.1, ,NI
2022324N10086,UNNAMED,2022-11-20 12:00:00,10.9,85.0,25,NI
2022324N10086,UNNAMED,2022-11-20 15:00:00,11.2,84.8, ,NI
2022324N10086,UNNAMED,2022-11-20 18:00:00,11.4,84.6,25,NI
2022324N10086,UNNAMED,2022-11-20 21:00:00,11.7,84.4, ,NI
2022324N10086,UNNAMED,2022-11-21 00:00:00,11.9,84.2,25,NI
2022324N10086,UNNAMED,2022-11-21 03:00:00,12.1,84.0,25,NI
2022324N10086,UNNAMED,2022-11-21 06:00:00,12.6,83.4,25,NI
2022324N10086,UNNAMED,2022-11-21 09:00:00,12.8,82.6, ,NI
2022324N10086,UNNAMED,2022-11-21 12:00:00,12.9,82.0,25,NI
2022324N10086,UNNAMED,2022-11-21 15:00:00,13.0,81.8, ,NI
2022324N10086,UNNAMED,2022-11-21 18:00:00,13.0,81.7,25,NI
2022324N10086,UNNAMED,2022-11-21 21:00:00,13.0,81.6, ,NI
2022324N10086,UNNAMED,2022-11-22 00:00:00,13.1,81.4,25,NI
2022338N05100,MANDOUS,2022-12-04 00:00:00,5.3,99.7, ,NI
2022338N05100,MANDOUS,2022-12-04 03:00:00,5.5,99.4, ,NI
2022338N05100,MANDOUS,2022-12-04 06:00:00,5.7,99.0, ,NI
2022338N05100,MANDOUS,2022-12-04 09:00:00,5.9,98.5, ,NI
2022338N05100,MANDOUS,2022-12-04 12:00:00,6.1,98.1, ,NI
2022338N05100,MANDOUS,2022-12-04 15:00:00,6.3,97.9, ,NI
2022338N05100,MANDOUS,2022-12-04 18:00:00,6.6,97.7, ,NI
2022338N05100,MANDOUS,2022-12-04 21:00:00,6.9,97.5, ,NI
2022338N05100,MANDOUS,2022-12-05 00:00:00,7.2,97.2, ,NI
2022338N05100,MANDOUS,2022-12-05 03:00:00,7.3,96.5, ,NI
2022338N05100,MANDOUS,2022-12-05 06:00:00,7.3,95.7, ,NI
2022338N05100,MANDOUS,2022-12-05 09:00:00,7.4,95.0, ,NI
2022338N05100,MANDOUS,2022-12-05 12:00:00,7.5,94.1, ,NI
2022338N05100,MANDOUS,2022-12-05 15:00:00,7.8,92.8, ,NI
2022338N05100,MANDOUS,2022-12-05 18:00:00,8.0,91.6, ,NI
2022338N05100,MANDOUS,2022-12-05 21:00:00,8.0,90.8, ,NI
2022338N05100,MANDOUS,2022-12-06 00:00:00,8.0,90.2, ,NI
2022338N05100,MANDOUS,2022-12-06 03:00:00,8.0,89.5, ,NI
2022338N05100,MANDOUS,2022-12-06 06:00:00,8.1,88.7, ,NI
2022338N05100,MANDOUS,2022-12-06 09:00:00,8.3,87.8, ,NI
2022338N05100,MANDOUS,2022-12-06 12:00:00,8.4,87.2,25,NI
2022338N05100,MANDOUS,2022-12-06 15:00:00,8.4,86.9, ,NI
2022338N05100,MANDOUS,2022-12-06 18:00:00,8.5,86.7,25,NI
2022338N05100,MANDOUS,2022-12-06 21:00:00,8.5,86.5, ,NI
2022338N05100,MANDOUS,2022-12-07 00:00:00,8.6,86.3,30,NI
2022338N05100,MANDOUS,2022-12-07 03:00:00,8.7,85.9,30,NI
2022338N05100,MANDOUS,2022-12-07 06:00:00,8.8,85.7,30,NI
2022338N05100,MANDOUS,2022-12-07 09:00:00,8.8,85.4, ,NI
2022338N05100,MANDOUS,2022-12-07 12:00:00,9.0,85.1,30,NI
2022338N05100,MANDOUS,2022-12-07 15:00:00,9.1,84.9, ,NI
2022338N05100,MANDOUS,2022-12-07 18:00:00,9.2,84.7,35,NI
2022338N05100,MANDOUS,2022-12-07 21:00:00,9.3,84.5,35,NI
2022338N05100,MANDOUS,2022-12-08 00:00:00,9.4,84.3,40,NI
2022338N05100,MANDOUS,2022-12-08 03:00:00,9.5,84.0,40,NI
2022338N05100,MANDOUS,2022-12-08 06:00:00,9.8,83.6,45,NI
2022338N05100,MANDOUS,2022-12-08 09:00:00,9.9,83.2,45,NI
2022338N05100,MANDOUS,2022-12-08 12:00:00,10.2,82.9,50,NI
2022338N05100,MANDOUS,2022-12-08 15:00:00,10.4,82.5,50,NI
2022338N05100,MANDOUS,2022-12-08 18:00:00,10.6,82.2,50,NI
2022338N05100,MANDOUS,2022-12-08 21:00:00,10.7,82.0,50,NI
2022338N05100,MANDOUS,2022-12-09 00:00:00,11.0,81.8,50,NI
2022338N05100,MANDOUS,2022-12-09 03:00:00,11.1,81.6,45,NI
2022338N05100,MANDOUS,2022-12-09 06:00:00,11.4,81.4,45,NI
2022338N05100,MANDOUS,2022-12-09 09:00:00,11.7,81.2,45,NI
2022338N05100,MANDOUS,2022-12-09 12:00:00,12.0,81.0,40,NI
2022338N05100,MANDOUS,2022-12-09 15:00:00,12.3,80.7,40,NI
2022338N05100,MANDOUS,2022-12-09 18:00:00,12.6,80.4,35,NI
2022338N05100,MANDOUS,2022-12-09 21:00:00,12.8,80.1,35,NI
2022338N05100,MANDOUS,2022-12-10 00:00:00,12.8,79.8,30,NI
2022338N05100,MANDOUS,2022-12-10 03:00:00,12.8,79.6,30,NI
2022338N05100,MANDOUS,2022-12-10 06:00:00,12.9,79.4,25,NI
2022338N05100,MANDOUS,2022-12-10 09:00:00,12.9,79.1, ,NI
2022338N05100,MANDOUS,2022-12-10 12:00:00,12.9,78.8, ,NI
2022347N12074,UNNAMED,2022-12-12 12:00:00,12.0,74.2, ,NI
2022347N12074,UNNAMED,2022-12-12 15:00:00,12.1,73.9, ,NI
2022347N12074,UNNAMED,2022-12-12 18:00:00,12.3,73.6, ,NI
2022347N12074,UNNAMED,2022-12-12 21:00:00,12.5,73.3, ,NI
2022347N12074,UNNAMED,2022-12-13 00:00:00,12.6,73.1, ,NI
2022347N12074,UNNAMED,2022-12-13 03:00:00,12.7,72.8, ,NI
2022347N12074,UNNAMED,2022-12-13 06:00:00,12.8,72.6, ,NI
2022347N12074,UNNAMED,2022-12-13 09:00:00,12.9,72.4, ,NI
2022347N12074,UNNAMED,2022-12-13 12:00:00,13.0,72.1, ,NI
2022347N12074,UNNAMED,2022-12-13 15:00:00,13.1,71.8, ,NI
2022347N12074,UNNAMED,2022-12-13 18:00:00,13.2,71.5, ,NI
2022347N12074,UNNAMED,2022-12-13 21:00:00,13.2,71.2, ,NI
2022347N12074,UNNAMED,2022-12-14 00:00:00,13.3,70.8, ,NI
2022347N12074,UNNAMED,2022-12-14 03:00:00,13.4,70.4, ,NI
2022347N12074,UNNAMED,2022-12-14 06:00:00,13.5,70.0, ,NI
2022347N12074,UNNAMED,2022-12-14 09:00:00,13.6,69.6,25,NI
2022347N12074,UNNAMED,2022-12-14 12:00:00,13.7,69.3,25,NI
2022347N12074,UNNAMED,2022-12-14 15:00:00,13.7,68.9, ,NI
2022347N12074,UNNAMED,2022-12-14 18:00:00,13.8,68.6,25,NI
2022347N12074,UNNAMED,2022-12-14 21:00:00,13.8,68.4, ,NI
2022347N12074,UNNAMED,2022-12-15 00:00:00,13.9,68.1,30,NI
2022347N12074,UNNAMED,2022-12-15 03:00:00,13.9,67.7,30,NI
2022347N12074,UNNAMED,2022-12-15 06:00:00,13.9,67.4,30,NI
2022347N12074,UNNAMED,2022-12-15 09:00:00,14.0,67.0, ,NI
2022347N12074,UNNAMED,2022-12-15 12:00:00,14.1,66.7,30,NI
2022347N12074,UNNAMED,2022-12-15 15:00:00,14.0,66.2, ,NI
2022347N12074,UNNAMED,2022-12-15 18:00:00,13.9,65.7,30,NI
2022347N12074,UNNAMED,2022-12-15 21:00:00,13.9,65.4, ,NI
2022347N12074,UNNAMED,2022-12-16 00:00:00,13.9,65.1,30,NI
2022347N12074,UNNAMED,2022-12-16 03:00:00,13.9,64.7,30,NI
2022347N12074,UNNAMED,2022-12-16 06:00:00,13.9,64.3,30,NI
2022347N12074,UNNAMED,2022-12-16 09:00:00,14.0,63.9, ,NI
2022347N12074,UNNAMED,2022-12-16 12:00:00,14.1,63.6,25,NI
2022347N12074,UNNAMED,2022-12-16 15:00:00,14.1,63.2, ,NI
2022347N12074,UNNAMED,2022-12-16 18:00:00,14.1,62.9,25,NI
2022347N12074,UNNAMED,2022-12-16 21:00:00,14.1,62.6, ,NI
2022347N12074,UNNAMED,2022-12-17 00:00:00,14.0,62.3,25,NI
2022347N12074,UNNAMED,2022-12-17 03:00:00,14.0,62.0,25,NI
2022347N12074,UNNAMED,2022-12-17 06:00:00,13.9,61.6,25,NI
2022347N12074,UNNAMED,2022-12-17 09:00:00,13.8,61.3, ,NI
2022347N12074,UNNAMED,2022-12-17 12:00:00,13.7,60.9, ,NI
2022347N12074,UNNAMED,2022-12-17 15:00:00,13.6,60.3, ,NI
2022347N12074,UNNAMED,2022-12-17 18:00:00,13.6,59.7, ,NI
2022347N12074,UNNAMED,2022-12-17 21:00:00,13.5,59.1, ,NI
2022347N12074,UNNAMED,2022-12-18 00:00:00,13.5,58.6, ,NI
2022347N12074,UNNAMED,2022-12-18 03:00:00,13.5,58.1, ,NI
2022347N12074,UNNAMED,2022-12-18 06:00:00,13.4,57.5, ,NI
2022347N12074,UNNAMED,2022-12-18 09:00:00,13.3,56.9, ,NI
2022347N12074,UNNAMED,2022-12-18 12:00:00,13.1,56.4, ,NI
2022347N12074,UNNAMED,2022-12-18 15:00:00,12.6,56.0, ,NI
2022347N12074,UNNAMED,2022-12-18 18:00:00,12.0,55.8, ,NI
2022347N12074,UNNAMED,2022-12-18 21:00:00,11.7,55.6, ,NI
2022347N12074,UNNAMED,2022-12-19 00:00:00,11.6,55.4, ,NI
2022356N09085,UNNAMED,2022-12-22 03:00:00,9.0,85.0,25,NI
2022356N09085,UNNAMED,2022-12-22 06:00:00,9.5,84.8,25,NI
2022356N09085,UNNAMED,2022-12-22 09:00:00,9.7,84.6, ,NI
2022356N09085,UNNAMED,2022-12-22 12:00:00,9.8,84.5,25,NI
2022356N09085,UNNAMED,2022-12-22 15:00:00,10.0,84.3, ,NI
2022356N09085,UNNAMED,2022-12-22 18:00:00,10.1,84.2,25,NI
2022356N09085,UNNAMED,2022-12-22 21:00:00,10.1,84.2, ,NI
2022356N09085,UNNAMED,2022-12-23 00:00:00,10.1,84.2,25,NI
2022356N09085,UNNAMED,2022-12-23 03:00:00,10.1,84.2,25,NI
2022356N09085,UNNAMED,2022-12-23 06:00:00,10.4,84.8,25,NI
2022356N09085,UNNAMED,2022-12-23 09:00:00,10.6,85.2, ,NI
2022356N09085,UNNAMED,2022-12-23 12:00:00,10.6,85.4,25,NI
2022356N09085,UNNAMED,2022-12-23 15:00:00,10.5,85.5, ,NI
2022356N09085,UNNAMED,2022-12-23 18:00:00,10.4,85.3,25,NI
2022356N09085,UNNAMED,2022-12-23 21:00:00,10.6,84.9, ,NI
2022356N09085,UNNAMED,2022-12-24 00:00:00,10.8,84.5,25,NI
2022356N09085,UNNAMED,2022-12-24 03:00:00,10.7,84.2,25,NI
2022356N09085,UNNAMED,2022-12-24 06:00:00,10.4,83.7,25,NI
2022356N09085,UNNAMED,2022-12-24 09:00:00,10.0,83.3, ,NI
2022356N09085,UNNAMED,2022-12-24 12:00:00,9.7,83.0,25,NI
2022356N09085,UNNAMED,2022-12-24 15:00:00,9.5,82.7, ,NI
2022356N09085,UNNAMED,2022-12-24 18:00:00,9.3,82.5,25,NI
2022356N09085,UNNAMED,2022-12-24 21:00:00,9.2,82.3, ,NI
2022356N09085,UNNAMED,2022-12-25 00:00:00,9.0,82.2,25,NI
2022356N09085,UNNAMED,2022-12-25 03:00:00,8.8,82.0,25,NI
2022356N09085,UNNAMED,2022-12-25 06:00:00,8.5,81.6,25,NI
2023030N08087,UNNAMED,2023-01-30 03:00:00,7.7,87.2,25,NI
2023030N08087,UNNAMED,2023-01-30 06:00:00,7.9,86.6,25,NI
2023030N08087,UNNAMED,2023-01-30 09:00:00,8.0,86.2, ,NI
2023030N08087,UNNAMED,2023-01-30 12:00:00,8.0,86.0,25,NI
2023030N08087,UNNAMED,2023-01-30 15:00:00,8.1,85.6, ,NI
2023030N08087,UNNAMED,2023-01-30 18:00:00,8.1,85.3,25,NI
2023030N08087,UNNAMED,2023-01-30 21:00:00,8.1,85.1, ,NI
2023030N08087,UNNAMED,2023-01-31 00:00:00,8.2,84.8,25,NI
2023030N08087,UNNAMED,2023-01-31 03:00:00,8.4,84.3,25,NI
2023030N08087,UNNAMED,2023-01-31 06:00:00,8.6,83.9,25,NI
2023030N08087,UNNAMED,2023-01-31 09:00:00,8.7,83.7, ,NI
2023030N08087,UNNAMED,2023-01-31 12:00:00,8.6,83.5,25,NI
2023030N08087,UNNAMED,2023-01-31 15:00:00,8.5,83.2, ,NI
2023030N08087,UNNAMED,2023-01-31 18:00:00,8.3,82.9,25,NI
2023030N08087,UNNAMED,2023-01-31 21:00:00,8.2,82.8, ,NI
2023030N08087,UNNAMED,2023-02-01 00:00:00,8.2,82.7,25,NI
2023030N08087,UNNAMED,2023-02-01 03:00:00,8.2,82.5,25,NI
2023030N08087,UNNAMED,2023-02-01 06:00:00,8.2,82.5,25,NI
2023030N08087,UNNAMED,2023-02-01 09:00:00,8.2,82.4, ,NI
2023030N08087,UNNAMED,2023-02-01 12:00:00,8.2,82.3,25,NI
2023030N08087,UNNAMED,2023-02-01 15:00:00,8.2,82.2, ,NI
2023030N08087,UNNAMED,2023-02-01 18:00:00,8.1,82.1,25,NI
2023030N08087,UNNAMED,2023-02-01 21:00:00,7.9,81.8, ,NI
2023030N08087,UNNAMED,2023-02-02 00:00:00,7.6,81.4,25,NI
2023030N08087,UNNAMED,2023-02-02 03:00:00,7.2,81.1,20,NI
2023030N08087,UNNAMED,2023-02-02 06:00:00,6.8,80.8,20,NI
2023030N08087,UNNAMED,2023-02-02 09:00:00,6.5,80.5, ,NI
2023030N08087,UNNAMED,2023-02-02 12:00:00,6.3,80.3,20,NI
2023129N08091,MOCHA,2023-05-08 18:00:00,7.7,91.4, ,NI
2023129N08091,MOCHA,2023-05-08 21:00:00,7.6,91.1, ,NI
2023129N08091,MOCHA,2023-05-09 00:00:00,7.6,90.7, ,NI
2023129N08091,MOCHA,2023-05-09 03:00:00,7.6,90.1, ,NI
2023129N08091,MOCHA,2023-05-09 06:00:00,7.6,89.6, ,NI
2023129N08091,MOCHA,2023-05-09 09:00:00,7.7,89.3, ,NI
2023129N08091,MOCHA,2023-05-09 12:00:00,7.9,89.3,25,NI
2023129N08091,MOCHA,2023-05-09 15:00:00,8.1,89.2, ,NI
2023129N08091,MOCHA,2023-05-09 18:00:00,8.3,89.1,25,NI
2023129N08091,MOCHA,2023-05-09 21:00:00,8.3,89.1, ,NI
2023129N08091,MOCHA,2023-05-10 00:00:00,8.5,89.0,30,NI
2023129N08091,MOCHA,2023-05-10 03:00:00,8.8,88.7,30,NI
2023129N08091,MOCHA,2023-05-10 06:00:00,9.3,88.5,30,NI
2023129N08091,MOCHA,2023-05-10 09:00:00,9.7,88.4, ,NI
2023129N08091,MOCHA,2023-05-10 12:00:00,10.1,88.4,30,NI
2023129N08091,MOCHA,2023-05-10 15:00:00,10.4,88.3, ,NI
2023129N08091,MOCHA,2023-05-10 18:00:00,10.8,88.3,30,NI
2023129N08091,MOCHA,2023-05-10 21:00:00,11.0,88.2, ,NI
2023129N08091,MOCHA,2023-05-11 00:00:00,11.2,88.1,35,NI
2023129N08091,MOCHA,2023-05-11 03:00:00,11.3,88.1,35,NI
2023129N08091,MOCHA,2023-05-11 06:00:00,11.6,88.1,45,NI
2023129N08091,MOCHA,2023-05-11 09:00:00,11.8,88.0,45,NI
2023129N08091,MOCHA,2023-05-11 12:00:00,12.1,88.1,50,NI
2023129N08091,MOCHA,2023-05-11 15:00:00,12.4,88.1,50,NI
2023129N08091,MOCHA,2023-05-11 18:00:00,12.8,88.1,50,NI
2023129N08091,MOCHA,2023-05-11 21:00:00,13.0,88.1,60,NI
2023129N08091,MOCHA,2023-05-12 00:00:00,13.3,88.1,65,NI
2023129N08091,MOCHA,2023-05-12 03:00:00,13.7,88.2,65,NI
2023129N08091,MOCHA,2023-05-12 06:00:00,14.0,88.3,75,NI
2023129N08091,MOCHA,2023-05-12 09:00:00,14.3,88.4,85,NI
2023129N08091,MOCHA,2023-05-12 12:00:00,14.6,88.6,85,NI
2023129N08091,MOCHA,2023-05-12 15:00:00,14.8,88.7,90,NI
2023129N08091,MOCHA,2023-05-12 18:00:00,15.0,88.9,100,NI
2023129N08091,MOCHA,2023-05-12 21:00:00,15.1,89.0,100,NI
2023129N08091,MOCHA,2023-05-13 00:00:00,15.4,89.1,100,NI
2023129N08091,MOCHA,2023-05-13 03:00:00,15.7,89.5,100,NI
2023129N08091,MOCHA,2023-05-13 06:00:00,16.0,90.0,105,NI
2023129N08091,MOCHA,2023-05-13 09:00:00,16.4,90.3,105,NI
2023129N08091,MOCHA,2023-05-13 12:00:00,16.9,90.8,110,NI
2023129N08091,MOCHA,2023-05-13 15:00:00,17.4,91.0,110,NI
2023129N08091,MOCHA,2023-05-13 18:00:00,17.9,91.2,115,NI
2023129N08091,MOCHA,2023-05-13 21:00:00,18.3,91.4,115,NI
2023129N08091,MOCHA,2023-05-14 00:00:00,18.7,91.7,115,NI
2023129N08091,MOCHA,2023-05-14 03:00:00,19.3,92.1,110,NI
2023129N08091,MOCHA,2023-05-14 06:00:00,19.9,92.6,100,NI
2023129N08091,MOCHA,2023-05-14 09:00:00,20.4,92.9,90,NI
2023129N08091,MOCHA,2023-05-14 12:00:00,21.1,93.3,75,NI
2023129N08091,MOCHA,2023-05-14 15:00:00,22.1,94.1,60,NI
2023129N08091,MOCHA,2023-05-14 18:00:00,23.3,95.2,50,NI
2023129N08091,MOCHA,2023-05-14 21:00:00,24.3,96.1,35,NI
2023129N08091,MOCHA,2023-05-15 00:00:00,25.1,97.8,25,NI
2023156N10067,BIPARJOY,2023-06-05 00:00:00,10.3,66.7, ,NI
2023156N10067,BIPARJOY,2023-06-05 03:00:00,10.5,66.6, ,NI
2023156N10067,BIPARJOY,2023-06-05 06:00:00,10.7,66.5, ,NI
2023156N10067,BIPARJOY,2023-06-05 09:00:00,10.8,66.4, ,NI
2023156N10067,BIPARJOY,2023-06-05 12:00:00,11.0,66.3, ,NI
2023156N10067,BIPARJOY,2023-06-05 15:00:00,11.2,66.2, ,NI
2023156N10067,BIPARJOY,2023-06-05 18:00:00,11.4,66.1, ,NI
2023156N10067,BIPARJOY,2023-06-05 21:00:00,11.5,66.0, ,NI
2023156N10067,BIPARJOY,2023-06-06 00:00:00,11.5,66.0,25,NI
2023156N10067,BIPARJOY,2023-06-06 03:00:00,11.7,66.0,25,NI
2023156N10067,BIPARJOY,2023-06-06 06:00:00,11.9,65.9,30,NI
2023156N10067,BIPARJOY,2023-06-06 09:00:00,12.0,66.0, ,NI
2023156N10067,BIPARJOY,2023-06-06 12:00:00,12.2,66.0,35,NI
2023156N10067,BIPARJOY,2023-06-06 15:00:00,12.3,66.0,35,NI
2023156N10067,BIPARJOY,2023-06-06 18:00:00,12.5,66.1,40,NI
2023156N10067,BIPARJOY,2023-06-06 21:00:00,12.5,66.2,45,NI
2023156N10067,BIPARJOY,2023-06-07 00:00:00,12.6,66.3,55,NI
2023156N10067,BIPARJOY,2023-06-07 03:00:00,12.8,66.3,60,NI
2023156N10067,BIPARJOY,2023-06-07 06:00:00,13.0,66.4,65,NI
2023156N10067,BIPARJOY,2023-06-07 09:00:00,13.2,66.3,65,NI
2023156N10067,BIPARJOY,2023-06-07 12:00:00,13.3,66.2,65,NI
2023156N10067,BIPARJOY,2023-06-07 15:00:00,13.4,66.2,65,NI
2023156N10067,BIPARJOY,2023-06-07 18:00:00,13.6,66.1,70,NI
2023156N10067,BIPARJOY,2023-06-07 21:00:00,13.6,66.0,70,NI
2023156N10067,BIPARJOY,2023-06-08 00:00:00,13.8,66.1,75,NI
2023156N10067,BIPARJOY,2023-06-08 03:00:00,13.9,66.0,75,NI
2023156N10067,BIPARJOY,2023-06-08 06:00:00,14.0,66.0,75,NI
2023156N10067,BIPARJOY,2023-06-08 09:00:00,14.2,66.0,75,NI
2023156N10067,BIPARJOY,2023-06-08 12:00:00,14.3,66.0,75,NI
2023156N10067,BIPARJOY,2023-06-08 15:00:00,14.4,66.0,75,NI
2023156N10067,BIPARJOY,2023-06-08 18:00:00,14.6,66.1,75,NI
2023156N10067,BIPARJOY,2023-06-08 21:00:00,14.6,66.1,75,NI
2023156N10067,BIPARJOY,2023-06-09 00:00:00,14.8,66.3,75,NI
2023156N10067,BIPARJOY,2023-06-09 03:00:00,14.8,66.5,70,NI
2023156N10067,BIPARJOY,2023-06-09 06:00:00,15.0,66.8,70,NI
2023156N10067,BIPARJOY,2023-06-09 09:00:00,15.3,67.0,70,NI
2023156N10067,BIPARJOY,2023-06-09 12:00:00,15.6,67.2,65,NI
2023156N10067,BIPARJOY,2023-06-09 15:00:00,15.9,67.3,65,NI
2023156N10067,BIPARJOY,2023-06-09 18:00:00,16.2,67.4,70,NI
2023156N10067,BIPARJOY,2023-06-09 21:00:00,16.3,67.4,70,NI
2023156N10067,BIPARJOY,2023-06-10 00:00:00,16.5,67.4,75,NI
2023156N10067,BIPARJOY,2023-06-10 03:00:00,16.6,67.3,75,NI
2023156N10067,BIPARJOY,2023-06-10 06:00:00,16.7,67.3,75,NI
2023156N10067,BIPARJOY,2023-06-10 09:00:00,16.9,67.4,80,NI
2023156N10067,BIPARJOY,2023-06-10 12:00:00,17.2,67.3,80,NI
2023156N10067,BIPARJOY,2023-06-10 15:00:00,17.4,67.3,80,NI
2023156N10067,BIPARJOY,2023-06-10 18:00:00,17.5,67.4,85,NI
2023156N10067,BIPARJOY,2023-06-10 21:00:00,17.6,67.4,85,NI
2023156N10067,BIPARJOY,2023-06-11 00:00:00,17.8,67.6,90,NI
2023156N10067,BIPARJOY,2023-06-11 03:00:00,18.0,67.7,90,NI
2023156N10067,BIPARJOY,2023-06-11 06:00:00,18.3,67.8,90,NI
2023156N10067,BIPARJOY,2023-06-11 09:00:00,18.5,67.8,90,NI
2023156N10067,BIPARJOY,2023-06-11 12:00:00,18.7,67.8,90,NI
2023156N10067,BIPARJOY,2023-06-11 15:00:00,18.8,67.8,90,NI
2023156N10067,BIPARJOY,2023-06-11 18:00:00,18.9,67.8,90,NI
2023156N10067,BIPARJOY,2023-06-11 21:00:00,19.0,67.7,90,NI
2023156N10067,BIPARJOY,2023-06-12 00:00:00,19.2,67.7,90,NI
2023156N10067,BIPARJOY,2023-06-12 03:00:00,19.4,67.6,90,NI
2023156N10067,BIPARJOY,2023-06-12 06:00:00,19.7,67.5,90,NI
2023156N10067,BIPARJOY,2023-06-12 09:00:00,19.8,67.4,90,NI
2023156N10067,BIPARJOY,2023-06-12 12:00:00,19.9,67.3,90,NI
2023156N10067,BIPARJOY,2023-06-12 15:00:00,20.0,67.2,90,NI
2023156N10067,BIPARJOY,2023-06-12 18:00:00,20.2,67.2,85,NI
2023156N10067,BIPARJOY,2023-06-12 21:00:00,20.4,67.2,85,NI
2023156N10067,BIPARJOY,2023-06-13 00:00:00,20.7,67.0,85,NI
2023156N10067,BIPARJOY,2023-06-13 03:00:00,20.9,66.9,85,NI
2023156N10067,BIPARJOY,2023-06-13 06:00:00,21.0,66.8,85,NI
2023156N10067,BIPARJOY,2023-06-13 09:00:00,21.1,66.5,85,NI
2023156N10067,BIPARJOY,2023-06-13 12:00:00,21.2,66.5,85,NI
2023156N10067,BIPARJOY,2023-06-13 15:00:00,21.3,66.4,85,NI
2023156N10067,BIPARJOY,2023-06-13 18:00:00,21.5,66.4,85,NI
2023156N10067,BIPARJOY,2023-06-13 21:00:00,21.5,66.3,85,NI
2023156N10067,BIPARJOY,2023-06-14 00:00:00,21.6,66.3,80,NI
2023156N10067,BIPARJOY,2023-06-14 03:00:00,21.6,66.3,80,NI
2023156N10067,BIPARJOY,2023-06-14 06:00:00,21.6,66.4,80,NI
2023156N10067,BIPARJOY,2023-06-14 09:00:00,21.7,66.6,80,NI
2023156N10067,BIPARJOY,2023-06-14 12:00:00,21.9,66.7,75,NI
2023156N10067,BIPARJOY,2023-06-14 15:00:00,22.1,66.8,70,NI
2023156N10067,BIPARJOY,2023-06-14 18:00:00,22.2,66.8,70,NI
2023156N10067,BIPARJOY,2023-06-14 21:00:00,22.3,66.8,70,NI
2023156N10067,BIPARJOY,2023-06-15 00:00:00,22.3,67.0,70,NI
2023156N10067,BIPARJOY,2023-06-15 03:00:00,22.5,67.1,70,NI
2023156N10067,BIPARJOY,2023-06-15 06:00:00,22.6,67.3,65,NI
2023156N10067,BIPARJOY,2023-06-15 09:00:00,22.7,67.7,65,NI
2023156N10067,BIPARJOY,2023-06-15 12:00:00,22.8,68.1,65,NI
2023156N10067,BIPARJOY,2023-06-15 15:00:00,23.1,68.4,65,NI
2023156N10067,BIPARJOY,2023-06-15 18:00:00,23.3,68.6,60,NI
2023156N10067,BIPARJOY,2023-06-15 21:00:00,23.4,68.8,50,NI
2023156N10067,BIPARJOY,2023-06-16 00:00:00,23.5,69.1,50,NI
2023156N10067,BIPARJOY,2023-06-16 03:00:00,23.5,69.4,45,NI
2023156N10067,BIPARJOY,2023-06-16 06:00:00,23.7,69.7,40,NI
2023156N10067,BIPARJOY,2023-06-16 09:00:00,23.9,70.0,40,NI
2023156N10067,BIPARJOY,2023-06-16 12:00:00,24.2,70.4,35,NI
2023156N10067,BIPARJOY,2023-06-16 15:00:00,24.5,70.7,35,NI
2023156N10067,BIPARJOY,2023-06-16 18:00:00,24.6,70.9,30,NI
2023156N10067,BIPARJOY,2023-06-16 21:00:00,24.7,71.0, ,NI
2023156N10067,BIPARJOY,2023-06-17 00:00:00,24.8,71.2,30,NI
2023156N10067,BIPARJOY,2023-06-17 03:00:00,25.0,71.5,30,NI
2023156N10067,BIPARJOY,2023-06-17 06:00:00,25.3,71.9,30,NI
2023156N10067,BIPARJOY,2023-06-17 09:00:00,25.5,72.2, ,NI
2023156N10067,BIPARJOY,2023-06-17 12:00:00,25.6,72.5,25,NI
2023156N10067,BIPARJOY,2023-06-17 15:00:00,25.7,72.7, ,NI
2023156N10067,BIPARJOY,2023-06-17 18:00:00,25.8,72.8,25,NI
2023156N10067,BIPARJOY,2023-06-17 21:00:00,25.9,73.0, ,NI
2023156N10067,BIPARJOY,2023-06-18 00:00:00,26.0,73.3,25,NI
2023156N10067,BIPARJOY,2023-06-18 03:00:00,26.2,73.8,25,NI
2023156N10067,BIPARJOY,2023-06-18 06:00:00,26.3,74.0,25,NI
2023156N10067,BIPARJOY,2023-06-18 09:00:00,26.3,74.3, ,NI
2023156N10067,BIPARJOY,2023-06-18 12:00:00,26.3,74.7,20,NI
2023156N10067,BIPARJOY,2023-06-18 15:00:00,26.3,74.9, ,NI
2023156N10067,BIPARJOY,2023-06-18 18:00:00,26.3,75.2,20,NI
2023156N10067,BIPARJOY,2023-06-18 21:00:00,26.3,75.6, ,NI
2023156N10067,BIPARJOY,2023-06-19 00:00:00,26.3,76.0,20,NI
2023160N20092,UNNAMED,2023-06-08 12:00:00,19.5,92.1, ,NI
2023160N20092,UNNAMED,2023-06-08 15:00:00,19.5,91.9, ,NI
2023160N20092,UNNAMED,2023-06-08 18:00:00,19.6,91.7, ,NI
2023160N20092,UNNAMED,2023-06-08 21:00:00,19.7,91.6, ,NI
2023160N20092,UNNAMED,2023-06-09 00:00:00,19.8,91.5, ,NI
2023160N20092,UNNAMED,2023-06-09 03:00:00,19.9,91.5, ,NI
2023160N20092,UNNAMED,2023-06-09 06:00:00,19.9,91.5, ,NI
2023160N20092,UNNAMED,2023-06-09 09:00:00,19.9,91.5, ,NI
2023160N20092,UNNAMED,2023-06-09 12:00:00,20.0,91.5, ,NI
2023160N20092,UNNAMED,2023-06-09 15:00:00,20.0,91.5, ,NI
2023160N20092,UNNAMED,2023-06-09 18:00:00,20.2,91.6, ,NI
2023160N20092,UNNAMED,2023-06-09 21:00:00,20.6,91.7, ,NI
2023160N20092,UNNAMED,2023-06-10 00:00:00,21.0,91.8, ,NI
2023160N20092,UNNAMED,2023-06-10 03:00:00,21.4,91.7, ,NI
2023160N20092,UNNAMED,2023-06-10 06:00:00,21.8,91.4, ,NI
2023212N19090,UNNAMED,2023-07-30 12:00:00,19.0,90.0, ,NI
2023212N19090,UNNAMED,2023-07-30 15:00:00,18.8,90.2, ,NI
2023212N19090,UNNAMED,2023-07-30 18:00:00,18.7,90.5, ,NI
2023212N19090,UNNAMED,2023-07-30 21:00:00,18.6,90.8, ,NI
2023212N19090,UNNAMED,2023-07-31 00:00:00,18.6,91.0, ,NI
2023212N19090,UNNAMED,2023-07-31 03:00:00,18.6,91.2, ,NI
2023212N19090,UNNAMED,2023-07-31 06:00:00,18.6,91.3, ,NI
2023212N19090,UNNAMED,2023-07-31 09:00:00,18.7,91.6, ,NI
2023212N19090,UNNAMED,2023-07-31 12:00:00,19.0,91.8, ,NI
2023212N19090,UNNAMED,2023-07-31 15:00:00,19.5,91.9, ,NI
2023212N19090,UNNAMED,2023-07-31 18:00:00,19.9,92.0, ,NI
2023212N19090,UNNAMED,2023-07-31 21:00:00,19.8,92.1, ,NI
2023212N19090,UNNAMED,2023-08-01 00:00:00,20.0,91.9,25,NI
2023212N19090,UNNAMED,2023-08-01 03:00:00,20.9,91.3,30,NI
2023212N19090,UNNAMED,2023-08-01 06:00:00,21.6,90.7,30,NI
2023212N19090,UNNAMED,2023-08-01 09:00:00,22.0,90.2, ,NI
2023212N19090,UNNAMED,2023-08-01 12:00:00,22.3,89.7,30,NI
2023212N19090,UNNAMED,2023-08-01 15:00:00,22.6,89.3, ,NI
2023212N19090,UNNAMED,2023-08-01 18:00:00,22.8,88.8,30,NI
2023212N19090,UNNAMED,2023-08-01 21:00:00,22.9,88.1, ,NI
2023212N19090,UNNAMED,2023-08-02 00:00:00,23.1,87.4,30,NI
2023212N19090,UNNAMED,2023-08-02 03:00:00,23.2,86.9,30,NI
2023212N19090,UNNAMED,2023-08-02 06:00:00,23.3,86.2,30,NI
2023212N19090,UNNAMED,2023-08-02 09:00:00,23.3,85.6, ,NI
2023212N19090,UNNAMED,2023-08-02 12:00:00,23.3,85.1,25,NI
2023212N19090,UNNAMED,2023-08-02 15:00:00,23.3,84.6, ,NI
2023212N19090,UNNAMED,2023-08-02 18:00:00,23.3,84.1,25,NI
2023212N19090,UNNAMED,2023-08-02 21:00:00,23.3,83.7, ,NI
2023212N19090,UNNAMED,2023-08-03 00:00:00,23.4,83.4,25,NI
2023212N19090,UNNAMED,2023-08-03 03:00:00,23.5,83.1,25,NI
2023212N19090,UNNAMED,2023-08-03 06:00:00,23.5,83.1,20,NI
2023273N16073,UNNAMED,2023-09-30 03:00:00,15.9,72.8,25,NI
2023273N16073,UNNAMED,2023-09-30 06:00:00,16.4,73.1,25,NI
2023273N16073,UNNAMED,2023-09-30 09:00:00,16.6,73.2, ,NI
2023273N16073,UNNAMED,2023-09-30 12:00:00,16.6,73.2,25,NI
2023273N16073,UNNAMED,2023-09-30 15:00:00,16.7,73.3, ,NI
2023273N16073,UNNAMED,2023-09-30 18:00:00,16.8,73.5,25,NI
2023273N16073,UNNAMED,2023-09-30 21:00:00,16.9,73.7, ,NI
2023273N16073,UNNAMED,2023-10-01 00:00:00,17.0,74.0,25,NI
2023292N11063,TEJ,2023-10-19 06:00:00,10.7,62.6, ,NI
2023292N11063,TEJ,2023-10-19 09:00:00,10.4,62.5, ,NI
2023292N11063,TEJ,2023-10-19 12:00:00,10.2,62.4, ,NI
2023292N11063,TEJ,2023-10-19 15:00:00,10.0,62.4, ,NI
2023292N11063,TEJ,2023-10-19 18:00:00,9.9,62.3, ,NI
2023292N11063,TEJ,2023-10-19 21:00:00,9.7,62.2, ,NI
2023292N11063,TEJ,2023-10-20 00:00:00,9.5,62.1, ,NI
2023292N11063,TEJ,2023-10-20 03:00:00,9.3,61.8,25,NI
2023292N11063,TEJ,2023-10-20 06:00:00,9.3,61.6,25,NI
2023292N11063,TEJ,2023-10-20 09:00:00,9.3,61.3, ,NI
2023292N11063,TEJ,2023-10-20 12:00:00,9.4,61.1,30,NI
2023292N11063,TEJ,2023-10-20 15:00:00,9.5,60.7, ,NI
2023292N11063,TEJ,2023-10-20 18:00:00,9.6,60.3,30,NI
2023292N11063,TEJ,2023-10-20 21:00:00,9.7,59.7, ,NI
2023292N11063,TEJ,2023-10-21 00:00:00,9.9,59.2,35,NI
2023292N11063,TEJ,2023-10-21 03:00:00,10.1,58.7,45,NI
2023292N11063,TEJ,2023-10-21 06:00:00,10.3,58.3,50,NI
2023292N11063,TEJ,2023-10-21 09:00:00,10.3,57.8,50,NI
2023292N11063,TEJ,2023-10-21 12:00:00,10.7,57.4,55,NI
2023292N11063,TEJ,2023-10-21 15:00:00,11.1,57.0,65,NI
2023292N11063,TEJ,2023-10-21 18:00:00,11.4,56.6,75,NI
2023292N11063,TEJ,2023-10-21 21:00:00,11.7,56.1,80,NI
2023292N11063,TEJ,2023-10-22 00:00:00,12.1,55.9,85,NI
2023292N11063,TEJ,2023-10-22 03:00:00,12.4,55.4,95,NI
2023292N11063,TEJ,2023-10-22 06:00:00,12.7,55.1,95,NI
2023292N11063,TEJ,2023-10-22 09:00:00,13.0,54.7,95,NI
2023292N11063,TEJ,2023-10-22 12:00:00,13.4,54.4,95,NI
2023292N11063,TEJ,2023-10-22 15:00:00,13.6,54.1,95,NI
2023292N11063,TEJ,2023-10-22 18:00:00,13.9,53.9,95,NI
2023292N11063,TEJ,2023-10-22 21:00:00,14.1,53.5,95,NI
2023292N11063,TEJ,2023-10-23 00:00:00,14.3,53.4,90,NI
2023292N11063,TEJ,2023-10-23 03:00:00,14.6,53.1,85,NI
2023292N11063,TEJ,2023-10-23 06:00:00,14.9,52.9,80,NI
2023292N11063,TEJ,2023-10-23 09:00:00,15.1,52.7,80,NI
2023292N11063,TEJ,2023-10-23 12:00:00,15.4,52.7,75,NI
2023292N11063,TEJ,2023-10-23 15:00:00,15.6,52.5,70,NI
2023292N11063,TEJ,2023-10-23 18:00:00,15.8,52.3,70,NI
2023292N11063,TEJ,2023-10-23 21:00:00,15.8,52.3,65,NI
2023292N11063,TEJ,2023-10-24 00:00:00,15.9,52.3,60,NI
2023292N11063,TEJ,2023-10-24 03:00:00,15.8,51.9,50,NI
2023292N11063,TEJ,2023-10-24 06:00:00,15.9,51.6,40,NI
2023292N11063,TEJ,2023-10-24 09:00:00,16.1,51.4,30,NI
2023292N11063,TEJ,2023-10-24 12:00:00,16.4,51.3,25,NI
2023293N12089,HAMOON,2023-10-20 06:00:00,12.4,88.6, ,NI
2023293N12089,HAMOON,2023-10-20 09:00:00,12.6,88.5, ,NI
2023293N12089,HAMOON,2023-10-20 12:00:00,12.7,88.4, ,NI
2023293N12089,HAMOON,2023-10-20 15:00:00,12.7,88.2, ,NI
2023293N12089,HAMOON,2023-10-20 18:00:00,12.8,88.0, ,NI
2023293N12089,HAMOON,2023-10-20 21:00:00,13.0,87.8, ,NI
2023293N12089,HAMOON,2023-10-21 00:00:00,13.2,87.5, ,NI
2023293N12089,HAMOON,2023-10-21 03:00:00,13.4,87.3, ,NI
2023293N12089,HAMOON,2023-10-21 06:00:00,13.6,87.1, ,NI
2023293N12089,HAMOON,2023-10-21 09:00:00,14.1,86.5, ,NI
2023293N12089,HAMOON,2023-10-21 12:00:00,14.6,86.0, ,NI
2023293N12089,HAMOON,2023-10-21 15:00:00,15.0,85.8, ,NI
2023293N12089,HAMOON,2023-10-21 18:00:00,15.1,86.0,25,NI
2023293N12089,HAMOON,2023-10-21 21:00:00,15.2,86.1,25,NI
2023293N12089,HAMOON,2023-10-22 00:00:00,15.2,86.2,25,NI
2023293N12089,HAMOON,2023-10-22 03:00:00,15.3,86.2,25,NI
2023293N12089,HAMOON,2023-10-22 06:00:00,15.5,86.3,25,NI
2023293N12089,HAMOON,2023-10-22 09:00:00,15.7,86.4,25,NI
2023293N12089,HAMOON,2023-10-22 12:00:00,15.9,86.6,30,NI
2023293N12089,HAMOON,2023-10-22 15:00:00,16.2,86.7,30,NI
2023293N12089,HAMOON,2023-10-22 18:00:00,16.2,86.8,30,NI
2023293N12089,HAMOON,2023-10-22 21:00:00,16.4,86.8,30,NI
2023293N12089,HAMOON,2023-10-23 00:00:00,16.8,86.9,30,NI
2023293N12089,HAMOON,2023-10-23 03:00:00,17.1,86.9,30,NI
2023293N12089,HAMOON,2023-10-23 06:00:00,17.5,87.0,30,NI
2023293N12089,HAMOON,2023-10-23 09:00:00,17.9,87.2,30,NI
2023293N12089,HAMOON,2023-10-23 12:00:00,18.4,87.4,35,NI
2023293N12089,HAMOON,2023-10-23 15:00:00,18.8,87.8,40,NI
2023293N12089,HAMOON,2023-10-23 18:00:00,19.2,88.2,40,NI
2023293N12089,HAMOON,2023-10-23 21:00:00,19.4,88.6,50,NI
2023293N12089,HAMOON,2023-10-24 00:00:00,19.7,89.0,55,NI
2023293N12089,HAMOON,2023-10-24 03:00:00,20.0,89.6,65,NI
2023293N12089,HAMOON,2023-10-24 06:00:00,20.3,90.2,65,NI
2023293N12089,HAMOON,2023-10-24 09:00:00,20.7,90.8,65,NI
2023293N12089,HAMOON,2023-10-24 12:00:00,21.0,91.2,55,NI
2023293N12089,HAMOON,2023-10-24 15:00:00,20.9,91.0,55,NI
2023293N12089,HAMOON,2023-10-24 18:00:00,20.9,90.8,50,NI
2023293N12089,HAMOON,2023-10-24 21:00:00,21.5,91.5,45,NI
2023293N12089,HAMOON,2023-10-25 00:00:00,22.2,92.2,35,NI
2023293N12089,HAMOON,2023-10-25 03:00:00,22.5,92.4,30,NI
2023293N12089,HAMOON,2023-10-25 06:00:00,22.7,92.5,25,NI
2023317N10094,MIDHILI,2023-11-13 06:00:00,9.9,94.1, ,NI
2023317N10094,MIDHILI,2023-11-13 09:00:00,10.4,93.9, ,NI
2023317N10094,MIDHILI,2023-11-13 12:00:00,10.9,93.4, ,NI
2023317N10094,MIDHILI,2023-11-13 15:00:00,11.4,92.6, ,NI
2023317N10094,MIDHILI,2023-11-13 18:00:00,11.8,91.7, ,NI
2023317N10094,MIDHILI,2023-11-13 21:00:00,12.1,91.1, ,NI
2023317N10094,MIDHILI,2023-11-14 00:00:00,12.4,90.6, ,NI
2023317N10094,MIDHILI,2023-11-14 03:00:00,12.7,90.0, ,NI
2023317N10094,MIDHILI,2023-11-14 06:00:00,12.9,89.4, ,NI
2023317N10094,MIDHILI,2023-11-14 09:00:00,13.2,88.6, ,NI
2023317N10094,MIDHILI,2023-11-14 12:00:00,13.4,87.9, ,NI
2023317N10094,MIDHILI,2023-11-14 15:00:00,13.5,87.4, ,NI
2023317N10094,MIDHILI,2023-11-14 18:00:00,13.6,87.1, ,NI
2023317N10094,MIDHILI,2023-11-14 21:00:00,13.6,86.7, ,NI
2023317N10094,MIDHILI,2023-11-15 00:00:00,13.8,86.5, ,NI
2023317N10094,MIDHILI,2023-11-15 03:00:00,14.3,86.6,25,NI
2023317N10094,MIDHILI,2023-11-15 06:00:00,14.8,86.7,25,NI
2023317N10094,MIDHILI,2023-11-15 09:00:00,15.1,86.7, ,NI
2023317N10094,MIDHILI,2023-11-15 12:00:00,15.4,86.7,25,NI
2023317N10094,MIDHILI,2023-11-15 15:00:00,15.7,86.6, ,NI
2023317N10094,MIDHILI,2023-11-15 18:00:00,16.1,86.7,25,NI
2023317N10094,MIDHILI,2023-11-15 21:00:00,16.6,86.8, ,NI
2023317N10094,MIDHILI,2023-11-16 00:00:00,17.2,87.0,30,NI
2023317N10094,MIDHILI,2023-11-16 03:00:00,17.5,87.1,30,NI
2023317N10094,MIDHILI,2023-11-16 06:00:00,17.9,87.3,30,NI
2023317N10094,MIDHILI,2023-11-16 09:00:00,18.3,87.5, ,NI
2023317N10094,MIDHILI,2023-11-16 12:00:00,18.6,87.6,30,NI
2023317N10094,MIDHILI,2023-11-16 15:00:00,18.8,87.9, ,NI
2023317N10094,MIDHILI,2023-11-16 18:00:00,19.2,88.1,30,NI
2023317N10094,MIDHILI,2023-11-16 21:00:00,19.6,88.3, ,NI
2023317N10094,MIDHILI,2023-11-17 00:00:00,20.2,88.7,35,NI
2023317N10094,MIDHILI,2023-11-17 03:00:00,20.8,89.2,40,NI
2023317N10094,MIDHILI,2023-11-17 06:00:00,21.4,89.7,45,NI
2023317N10094,MIDHILI,2023-11-17 09:00:00,22.1,90.3,50,NI
2023317N10094,MIDHILI,2023-11-17 12:00:00,23.0,91.0,40,NI
2023317N10094,MIDHILI,2023-11-17 15:00:00,23.3,91.2,35,NI
2023317N10094,MIDHILI,2023-11-17 18:00:00,23.4,91.4,30,NI
2023317N10094,MIDHILI,2023-11-17 21:00:00,23.5,91.5, ,NI
2023317N10094,MIDHILI,2023-11-18 00:00:00,23.7,91.7,20,NI
2023334N08088,MICHAUNG,2023-11-30 06:00:00,7.5,88.0, ,NI
2023334N08088,MICHAUNG,2023-11-30 09:00:00,7.9,87.6, ,NI
2023334N08088,MICHAUNG,2023-11-30 12:00:00,8.2,87.2, ,NI
2023334N08088,MICHAUNG,2023-11-30 15:00:00,8.3,86.8, ,NI
2023334N08088,MICHAUNG,2023-11-30 18:00:00,8.4,86.4, ,NI
2023334N08088,MICHAUNG,2023-11-30 21:00:00,8.5,86.0, ,NI
2023334N08088,MICHAUNG,2023-12-01 00:00:00,8.8,85.8,20,NI
2023334N08088,MICHAUNG,2023-12-01 03:00:00,9.0,85.6,20,NI
2023334N08088,MICHAUNG,2023-12-01 06:00:00,9.2,85.4,25,NI
2023334N08088,MICHAUNG,2023-12-01 09:00:00,9.5,85.3, ,NI
2023334N08088,MICHAUNG,2023-12-01 12:00:00,9.7,85.1,25,NI
2023334N08088,MICHAUNG,2023-12-01 15:00:00,9.8,85.0, ,NI
2023334N08088,MICHAUNG,2023-12-01 18:00:00,9.9,84.8,25,NI
2023334N08088,MICHAUNG,2023-12-01 21:00:00,9.9,84.5, ,NI
2023334N08088,MICHAUNG,2023-12-02 00:00:00,10.1,84.1,30,NI
2023334N08088,MICHAUNG,2023-12-02 03:00:00,10.2,83.8,30,NI
2023334N08088,MICHAUNG,2023-12-02 06:00:00,10.3,83.6,30,NI
2023334N08088,MICHAUNG,2023-12-02 09:00:00,10.4,83.5, ,NI
2023334N08088,MICHAUNG,2023-12-02 12:00:00,10.5,83.5,30,NI
2023334N08088,MICHAUNG,2023-12-02 15:00:00,10.7,83.3, ,NI
2023334N08088,MICHAUNG,2023-12-02 18:00:00,10.8,83.1,30,NI
2023334N08088,MICHAUNG,2023-12-02 21:00:00,11.0,83.0, ,NI
2023334N08088,MICHAUNG,2023-12-03 00:00:00,11.3,82.9,35,NI
2023334N08088,MICHAUNG,2023-12-03 03:00:00,11.5,82.7,35,NI
2023334N08088,MICHAUNG,2023-12-03 06:00:00,11.9,82.5,35,NI
2023334N08088,MICHAUNG,2023-12-03 09:00:00,12.1,82.4,35,NI
2023334N08088,MICHAUNG,2023-12-03 12:00:00,12.3,82.3,35,NI
2023334N08088,MICHAUNG,2023-12-03 15:00:00,12.5,82.1,40,NI
2023334N08088,MICHAUNG,2023-12-03 18:00:00,12.8,81.8,45,NI
2023334N08088,MICHAUNG,2023-12-03 21:00:00,12.9,81.6,45,NI
2023334N08088,MICHAUNG,2023-12-04 00:00:00,13.1,81.4,45,NI
2023334N08088,MICHAUNG,2023-12-04 03:00:00,13.3,81.1,50,NI
2023334N08088,MICHAUNG,2023-12-04 06:00:00,13.5,80.9,50,NI
2023334N08088,MICHAUNG,2023-12-04 09:00:00,13.7,80.7,50,NI
2023334N08088,MICHAUNG,2023-12-04 12:00:00,14.0,80.6,55,NI
2023334N08088,MICHAUNG,2023-12-04 15:00:00,14.2,80.4,55,NI
2023334N08088,MICHAUNG,2023-12-04 18:00:00,14.4,80.3,55,NI
2023334N08088,MICHAUNG,2023-12-04 21:00:00,14.6,80.2,55,NI
2023334N08088,MICHAUNG,2023-12-05 00:00:00,14.9,80.1,50,NI
2023334N08088,MICHAUNG,2023-12-05 03:00:00,15.2,80.1,50,NI
2023334N08088,MICHAUNG,2023-12-05 06:00:00,15.6,80.2,50,NI
2023334N08088,MICHAUNG,2023-12-05 09:00:00,15.8,80.2,50,NI
2023334N08088,MICHAUNG,2023-12-05 12:00:00,16.0,80.2,40,NI
2023334N08088,MICHAUNG,2023-12-05 15:00:00,16.4,80.3,35,NI
2023334N08088,MICHAUNG,2023-12-05 18:00:00,16.9,80.4,30,NI
2023334N08088,MICHAUNG,2023-12-05 21:00:00,17.1,80.5, ,NI
2023334N08088,MICHAUNG,2023-12-06 00:00:00,17.3,80.6,20,NI
2023334N08088,MICHAUNG,2023-12-06 03:00:00,17.7,80.8, ,NI
2023334N08088,MICHAUNG,2023-12-06 06:00:00,18.3,81.1, ,NI
2024145N14087,REMAL,2024-05-23 12:00:00,13.6,86.6, ,NI
2024145N14087,REMAL,2024-05-23 15:00:00,13.9,87.2, ,NI
2024145N14087,REMAL,2024-05-23 18:00:00,14.3,87.7, ,NI
2024145N14087,REMAL,2024-05-23 21:00:00,14.7,88.2, ,NI
2024145N14087,REMAL,2024-05-24 00:00:00,15.2,88.6,25,NI
2024145N14087,REMAL,2024-05-24 03:00:00,15.5,89.0,25,NI
2024145N14087,REMAL,2024-05-24 06:00:00,15.9,89.3,25,NI
2024145N14087,REMAL,2024-05-24 09:00:00,16.1,89.4, ,NI
2024145N14087,REMAL,2024-05-24 12:00:00,16.4,89.6,25,NI
2024145N14087,REMAL,2024-05-24 15:00:00,16.7,89.7, ,NI
2024145N14087,REMAL,2024-05-24 18:00:00,17.0,89.9,25,NI
2024145N14087,REMAL,2024-05-24 21:00:00,17.2,89.9, ,NI
2024145N14087,REMAL,2024-05-25 00:00:00,17.6,90.0,30,NI
2024145N14087,REMAL,2024-05-25 03:00:00,17.9,89.8,30,NI
2024145N14087,REMAL,2024-05-25 06:00:00,18.2,89.6,30,NI
2024145N14087,REMAL,2024-05-25 09:00:00,18.4,89.5, ,NI
2024145N14087,REMAL,2024-05-25 12:00:00,18.7,89.3,35,NI
2024145N14087,REMAL,2024-05-25 15:00:00,18.9,89.2,35,NI
2024145N14087,REMAL,2024-05-25 18:00:00,19.2,89.2,40,NI
2024145N14087,REMAL,2024-05-25 21:00:00,19.4,89.2,45,NI
2024145N14087,REMAL,2024-05-26 00:00:00,19.6,89.2,50,NI
2024145N14087,REMAL,2024-05-26 03:00:00,19.9,89.1,50,NI
2024145N14087,REMAL,2024-05-26 06:00:00,20.3,89.1,50,NI
2024145N14087,REMAL,2024-05-26 09:00:00,20.6,89.1,55,NI
2024145N14087,REMAL,2024-05-26 12:00:00,21.2,89.1,60,NI
2024145N14087,REMAL,2024-05-26 14:00:00,21.5,89.0, ,NI
2024145N14087,REMAL,2024-05-26 15:00:00,21.6,89.0,60,NI
2024145N14087,REMAL,2024-05-26 18:00:00,22.0,88.9,60,NI
2024145N14087,REMAL,2024-05-26 21:00:00,22.2,88.9,55,NI
2024145N14087,REMAL,2024-05-27 00:00:00,22.6,89.0,45,NI
2024145N14087,REMAL,2024-05-27 03:00:00,22.8,89.1,40,NI
2024145N14087,REMAL,2024-05-27 06:00:00,23.1,89.1,35,NI
2024145N14087,REMAL,2024-05-27 09:00:00,23.3,89.3,35,NI
2024145N14087,REMAL,2024-05-27 12:00:00,23.6,89.6,35,NI
2024145N14087,REMAL,2024-05-27 15:00:00,23.8,90.1,30,NI
2024145N14087,REMAL,2024-05-27 18:00:00,24.1,90.5,30,NI
2024145N14087,REMAL,2024-05-27 21:00:00,24.3,90.8, ,NI
2024145N14087,REMAL,2024-05-28 00:00:00,24.5,91.1,20,NI
2024145N14087,REMAL,2024-05-28 03:00:00,24.7,91.5,20,NI
2024145N14087,REMAL,2024-05-28 06:00:00,25.1,91.8,20,NI
2024201N19086,UNNAMED,2024-07-19 03:00:00,19.1,86.2,25,NI
2024201N19086,UNNAMED,2024-07-19 06:00:00,19.2,86.0,25,NI
2024201N19086,UNNAMED,2024-07-19 09:00:00,19.3,85.8, ,NI
2024201N19086,UNNAMED,2024-07-19 12:00:00,19.4,85.7,25,NI
2024201N19086,UNNAMED,2024-07-19 15:00:00,19.5,85.6, ,NI
2024201N19086,UNNAMED,2024-07-19 18:00:00,19.5,85.6,25,NI
2024201N19086,UNNAMED,2024-07-19 21:00:00,19.6,85.5, ,NI
2024201N19086,UNNAMED,2024-07-20 00:00:00,19.6,85.5,25,NI
2024201N19086,UNNAMED,2024-07-20 03:00:00,19.6,85.5,25,NI
2024201N19086,UNNAMED,2024-07-20 06:00:00,19.7,85.4,25,NI
2024216N24085,UNNAMED,2024-08-02 12:00:00,24.2,85.2,20,NI
2024216N24085,UNNAMED,2024-08-02 15:00:00,24.2,85.0, ,NI
2024216N24085,UNNAMED,2024-08-02 18:00:00,24.2,84.9,20,NI
2024216N24085,UNNAMED,2024-08-02 21:00:00,24.2,84.8, ,NI
2024216N24085,UNNAMED,2024-08-03 00:00:00,24.3,84.6,25,NI
2024216N24085,UNNAMED,2024-08-03 03:00:00,24.4,84.4,30,NI
2024216N24085,UNNAMED,2024-08-03 06:00:00,24.5,84.2,30,NI
2024216N24085,UNNAMED,2024-08-03 09:00:00,24.7,83.7, ,NI
2024216N24085,UNNAMED,2024-08-03 12:00:00,24.8,83.0,30,NI
2024216N24085,UNNAMED,2024-08-03 15:00:00,24.8,82.2, ,NI
2024216N24085,UNNAMED,2024-08-03 18:00:00,24.8,81.5,30,NI
2024216N24085,UNNAMED,2024-08-03 21:00:00,24.8,81.2, ,NI
2024216N24085,UNNAMED,2024-08-04 00:00:00,24.9,81.0,30,NI
2024216N24085,UNNAMED,2024-08-04 03:00:00,25.0,80.7,30,NI
2024216N24085,UNNAMED,2024-08-04 06:00:00,25.3,79.6,30,NI
2024216N24085,UNNAMED,2024-08-04 09:00:00,25.6,78.9, ,NI
2024216N24085,UNNAMED,2024-08-04 12:00:00,25.8,78.4,30,NI
2024216N24085,UNNAMED,2024-08-04 15:00:00,25.9,78.0, ,NI
2024216N24085,UNNAMED,2024-08-04 18:00:00,26.0,77.6,30,NI
2024216N24085,UNNAMED,2024-08-04 21:00:00,26.1,76.9, ,NI
2024216N24085,UNNAMED,2024-08-05 00:00:00,26.3,76.2,25,NI
2024216N24085,UNNAMED,2024-08-05 03:00:00,26.5,75.6,25,NI
2024216N24085,UNNAMED,2024-08-05 06:00:00,26.8,75.2,25,NI
2024216N24085,UNNAMED,2024-08-05 09:00:00,27.2,74.4, ,NI
2024216N24085,UNNAMED,2024-08-05 12:00:00,27.6,73.5,20,NI
2024216N24085,UNNAMED,2024-08-05 15:00:00,28.2,72.7, ,NI
2024216N24085,UNNAMED,2024-08-05 18:00:00,28.8,72.0,20,NI
2024238N25077,ASNA,2024-08-25 00:00:00,24.5,77.3,20,NI
2024238N25077,ASNA,2024-08-25 03:00:00,24.6,76.9,20,NI
2024238N25077,ASNA,2024-08-25 06:00:00,24.6,76.5,20,NI
2024238N25077,ASNA,2024-08-25 09:00:00,24.5,76.1, ,NI
2024238N25077,ASNA,2024-08-25 12:00:00,24.4,75.6,25,NI
2024238N25077,ASNA,2024-08-25 15:00:00,24.3,75.1, ,NI
2024238N25077,ASNA,2024-08-25 18:00:00,24.3,74.7,30,NI
2024238N25077,ASNA,2024-08-25 21:00:00,24.3,74.4, ,NI
2024238N25077,ASNA,2024-08-26 00:00:00,24.2,74.2,30,NI
2024238N25077,ASNA,2024-08-26 03:00:00,24.1,74.0,30,NI
2024238N25077,ASNA,2024-08-26 06:00:00,23.8,73.6,30,NI
2024238N25077,ASNA,2024-08-26 09:00:00,23.7,73.3, ,NI
2024238N25077,ASNA,2024-08-26 12:00:00,23.8,73.0,30,NI
2024238N25077,ASNA,2024-08-26 15:00:00,23.8,72.7, ,NI
2024238N25077,ASNA,2024-08-26 18:00:00,23.8,72.4,30,NI
2024238N25077,ASNA,2024-08-26 21:00:00,23.8,72.3, ,NI
2024238N25077,ASNA,2024-08-27 00:00:00,23.8,72.2,30,NI
2024238N25077,ASNA,2024-08-27 03:00:00,23.8,72.0,30,NI
2024238N25077,ASNA,2024-08-27 06:00:00,23.7,71.7,30,NI
2024238N25077,ASNA,2024-08-27 09:00:00,23.7,71.3, ,NI
2024238N25077,ASNA,2024-08-27 12:00:00,23.8,70.9,30,NI
2024238N25077,ASNA,2024-08-27 15:00:00,23.9,70.6, ,NI
2024238N25077,ASNA,2024-08-27 18:00:00,24.0,70.4,30,NI
2024238N25077,ASNA,2024-08-27 21:00:00,24.0,70.1, ,NI
2024238N25077,ASNA,2024-08-28 00:00:00,24.0,70.0,30,NI
2024238N25077,ASNA,2024-08-28 03:00:00,24.0,69.8,30,NI
2024238N25077,ASNA,2024-08-28 06:00:00,23.9,69.8,30,NI
2024238N25077,ASNA,2024-08-28 09:00:00,23.8,69.8, ,NI
2024238N25077,ASNA,2024-08-28 12:00:00,23.8,69.8,30,NI
2024238N25077,ASNA,2024-08-28 15:00:00,23.8,69.8, ,NI
2024238N25077,ASNA,2024-08-28 18:00:00,23.8,69.7,30,NI
2024238N25077,ASNA,2024-08-28 21:00:00,23.8,69.6, ,NI
2024238N25077,ASNA,2024-08-29 00:00:00,23.8,69.5,30,NI
2024238N25077,ASNA,2024-08-29 03:00:00,23.7,69.4,30,NI
2024238N25077,ASNA,2024-08-29 06:00:00,23.7,69.5,30,NI
2024238N25077,ASNA,2024-08-29 09:00:00,23.6,69.4, ,NI
2024238N25077,ASNA,2024-08-29 12:00:00,23.6,69.3,30,NI
2024238N25077,ASNA,2024-08-29 15:00:00,23.5,69.2, ,NI
2024238N25077,ASNA,2024-08-29 18:00:00,23.5,69.0,30,NI
2024238N25077,ASNA,2024-08-29 21:00:00,23.4,68.7, ,NI
2024238N25077,ASNA,2024-08-30 00:00:00,23.3,68.5,30,NI
2024238N25077,ASNA,2024-08-30 03:00:00,23.3,68.2,30,NI
2024238N25077,ASNA,2024-08-30 06:00:00,23.4,68.0,35,NI
2024238N25077,ASNA,2024-08-30 09:00:00,23.4,67.5,35,NI
2024238N25077,ASNA,2024-08-30 12:00:00,23.4,67.1,35,NI
2024238N25077,ASNA,2024-08-30 15:00:00,23.5,66.9,35,NI
2024238N25077,ASNA,2024-08-30 18:00:00,23.6,66.4,35,NI
2024238N25077,ASNA,2024-08-30 21:00:00,23.5,66.1,35,NI
2024238N25077,ASNA,2024-08-31 00:00:00,23.5,65.7,40,NI
2024238N25077,ASNA,2024-08-31 03:00:00,23.5,65.2,40,NI
2024238N25077,ASNA,2024-08-31 06:00:00,23.5,64.9,40,NI
2024238N25077,ASNA,2024-08-31 09:00:00,23.4,64.4,40,NI
2024238N25077,ASNA,2024-08-31 12:00:00,23.5,64.2,40,NI
2024238N25077,ASNA,2024-08-31 15:00:00,23.4,63.7,40,NI
2024238N25077,ASNA,2024-08-31 18:00:00,23.4,63.5,40,NI
2024238N25077,ASNA,2024-08-31 21:00:00,23.3,63.0,40,NI
2024238N25077,ASNA,2024-09-01 00:00:00,23.1,62.6,40,NI
2024238N25077,ASNA,2024-09-01 03:00:00,22.9,62.3,35,NI
2024238N25077,ASNA,2024-09-01 06:00:00,22.7,62.1,35,NI
2024238N25077,ASNA,2024-09-01 09:00:00,22.5,61.9,35,NI
2024238N25077,ASNA,2024-09-01 12:00:00,22.2,61.8,30,NI
2024238N25077,ASNA,2024-09-01 15:00:00,21.9,61.7, ,NI
2024238N25077,ASNA,2024-09-01 18:00:00,21.7,61.6,30,NI
2024238N25077,ASNA,2024-09-01 21:00:00,21.4,61.5, ,NI
2024238N25077,ASNA,2024-09-02 00:00:00,21.2,61.4,20,NI
2024238N25077,ASNA,2024-09-02 03:00:00,20.9,61.2,20,NI
2024238N25077,ASNA,2024-09-02 06:00:00,20.6,61.1, ,NI
2024238N25077,ASNA,2024-09-02 09:00:00,20.4,61.0, ,NI
2024238N25077,ASNA,2024-09-02 12:00:00,20.2,61.0, ,NI
2024238N25077,ASNA,2024-09-02 15:00:00,19.9,60.9, ,NI
2024238N25077,ASNA,2024-09-02 18:00:00,19.7,60.9, ,NI
2024238N25077,ASNA,2024-09-02 21:00:00,19.7,60.9, ,NI
2024238N25077,ASNA,2024-09-03 00:00:00,19.8,60.8, ,NI
2024238N25077,ASNA,2024-09-03 03:00:00,19.9,60.7, ,NI
2024238N25077,ASNA,2024-09-03 06:00:00,19.9,60.7, ,NI
2024244N18085,UNNAMED,2024-08-31 00:00:00,17.5,84.6,25,NI
2024244N18085,UNNAMED,2024-08-31 03:00:00,17.7,84.5,25,NI
2024244N18085,UNNAMED,2024-08-31 06:00:00,17.9,84.3,25,NI
2024244N18085,UNNAMED,2024-08-31 09:00:00,18.0,84.1, ,NI
2024244N18085,UNNAMED,2024-08-31 12:00:00,18.1,84.0,25,NI
2024244N18085,UNNAMED,2024-08-31 15:00:00,18.1,83.9, ,NI
2024244N18085,UNNAMED,2024-08-31 18:00:00,18.2,83.8,25,NI
2024244N18085,UNNAMED,2024-08-31 21:00:00,18.3,83.5, ,NI
2024244N18085,UNNAMED,2024-09-01 00:00:00,18.5,83.0,25,NI
2024244N18085,UNNAMED,2024-09-01 03:00:00,18.7,82.4,25,NI
2024244N18085,UNNAMED,2024-09-01 06:00:00,18.7,82.1,20,NI
2024244N18085,UNNAMED,2024-09-01 09:00:00,18.8,81.7, ,NI
2024244N18085,UNNAMED,2024-09-01 12:00:00,19.0,81.2,20,NI
2024244N18085,UNNAMED,2024-09-01 15:00:00,19.2,80.8, ,NI
2024244N18085,UNNAMED,2024-09-01 18:00:00,19.3,80.4,20,NI
2024244N18085,UNNAMED,2024-09-01 21:00:00,19.5,80.2, ,NI
2024244N18085,UNNAMED,2024-09-02 00:00:00,19.6,80.0,20,NI
2024244N18085,UNNAMED,2024-09-02 03:00:00,19.7,79.7,20,NI
2024244N18085,UNNAMED,2024-09-02 06:00:00,19.8,79.5,20,NI
2024252N18087,UNNAMED,2024-09-08 00:00:00,17.9,87.0,25,NI
2024252N18087,UNNAMED,2024-09-08 03:00:00,18.2,86.8,25,NI
2024252N18087,UNNAMED,2024-09-08 06:00:00,18.4,86.7,25,NI
2024252N18087,UNNAMED,2024-09-08 09:00:00,18.5,86.5, ,NI
2024252N18087,UNNAMED,2024-09-08 12:00:00,18.6,86.4,25,NI
2024252N18087,UNNAMED,2024-09-08 15:00:00,18.7,86.3, ,NI
2024252N18087,UNNAMED,2024-09-08 18:00:00,18.9,86.3,30,NI
2024252N18087,UNNAMED,2024-09-08 21:00:00,19.1,86.2, ,NI
2024252N18087,UNNAMED,2024-09-09 00:00:00,19.3,86.2,30,NI
2024252N18087,UNNAMED,2024-09-09 03:00:00,19.6,86.2,30,NI
2024252N18087,UNNAMED,2024-09-09 06:00:00,20.0,86.0,30,NI
2024252N18087,UNNAMED,2024-09-09 09:00:00,20.4,85.6, ,NI
2024252N18087,UNNAMED,2024-09-09 12:00:00,20.8,85.1,30,NI
2024252N18087,UNNAMED,2024-09-09 15:00:00,21.1,84.8, ,NI
2024252N18087,UNNAMED,2024-09-09 18:00:00,21.3,84.4,25,NI
2024252N18087,UNNAMED,2024-09-09 21:00:00,21.5,83.9, ,NI
2024252N18087,UNNAMED,2024-09-10 00:00:00,21.7,83.3,25,NI
2024252N18087,UNNAMED,2024-09-10 03:00:00,21.8,82.8,25,NI
2024252N18087,UNNAMED,2024-09-10 06:00:00,21.9,82.1,25,NI
2024255N24080,UNNAMED,2024-09-11 03:00:00,24.0,80.0,20,NI
2024255N24080,UNNAMED,2024-09-11 06:00:00,24.2,79.9,20,NI
2024255N24080,UNNAMED,2024-09-11 09:00:00,24.5,79.8, ,NI
2024255N24080,UNNAMED,2024-09-11 12:00:00,25.0,79.6,25,NI
2024255N24080,UNNAMED,2024-09-11 15:00:00,25.6,78.9, ,NI
2024255N24080,UNNAMED,2024-09-11 18:00:00,26.2,78.2,25,NI
2024255N24080,UNNAMED,2024-09-11 21:00:00,26.5,78.1, ,NI
2024255N24080,UNNAMED,2024-09-12 00:00:00,26.7,78.3,25,NI
2024255N24080,UNNAMED,2024-09-12 03:00:00,27.0,78.5,25,NI
2024255N24080,UNNAMED,2024-09-12 06:00:00,27.3,78.7,25,NI
2024255N24080,UNNAMED,2024-09-12 09:00:00,27.4,78.9, ,NI
2024255N24080,UNNAMED,2024-09-12 12:00:00,27.5,79.1,20,NI
2024255N24080,UNNAMED,2024-09-12 15:00:00,27.6,79.3, ,NI
2024255N24080,UNNAMED,2024-09-12 18:00:00,27.7,79.5,20,NI
2024255N24080,UNNAMED,2024-09-12 21:00:00,27.9,79.5, ,NI
2024255N24080,UNNAMED,2024-09-13 00:00:00,28.2,79.3,20,NI
2024258N22091,UNNAMED,2024-09-13 12:00:00,22.0,90.8,20,NI
2024258N22091,UNNAMED,2024-09-13 15:00:00,22.2,90.6, ,NI
2024258N22091,UNNAMED,2024-09-13 18:00:00,22.3,90.4,25,NI
2024258N22091,UNNAMED,2024-09-13 21:00:00,22.4,90.1, ,NI
2024258N22091,UNNAMED,2024-09-14 00:00:00,22.5,89.6,30,NI
2024258N22091,UNNAMED,2024-09-14 03:00:00,22.7,88.8,30,NI
2024258N22091,UNNAMED,2024-09-14 06:00:00,22.4,88.3,30,NI
2024258N22091,UNNAMED,2024-09-14 09:00:00,22.3,88.3, ,NI
2024258N22091,UNNAMED,2024-09-14 12:00:00,22.4,88.5,30,NI
2024258N22091,UNNAMED,2024-09-14 15:00:00,22.5,88.6, ,NI
2024258N22091,UNNAMED,2024-09-14 18:00:00,22.6,88.5,30,NI
2024258N22091,UNNAMED,2024-09-14 21:00:00,22.6,88.3, ,NI
2024258N22091,UNNAMED,2024-09-15 00:00:00,22.6,88.0,30,NI
2024258N22091,UNNAMED,2024-09-15 03:00:00,22.6,87.8,30,NI
2024258N22091,UNNAMED,2024-09-15 06:00:00,22.7,87.6,30,NI
2024258N22091,UNNAMED,2024-09-15 09:00:00,22.8,87.5, ,NI
2024258N22091,UNNAMED,2024-09-15 12:00:00,22.8,87.4,30,NI
2024258N22091,UNNAMED,2024-09-15 15:00:00,22.8,87.3, ,NI
2024258N22091,UNNAMED,2024-09-15 18:00:00,22.9,87.2,30,NI
2024258N22091,UNNAMED,2024-09-15 21:00:00,22.9,87.1, ,NI
2024258N22091,UNNAMED,2024-09-16 00:00:00,23.0,87.0,30,NI
2024258N22091,UNNAMED,2024-09-16 03:00:00,23.1,86.7,30,NI
2024258N22091,UNNAMED,2024-09-16 06:00:00,23.2,86.4,30,NI
2024258N22091,UNNAMED,2024-09-16 09:00:00,23.3,85.8, ,NI
2024258N22091,UNNAMED,2024-09-16 12:00:00,23.3,85.2,30,NI
2024258N22091,UNNAMED,2024-09-16 15:00:00,23.3,84.8, ,NI
2024258N22091,UNNAMED,2024-09-16 18:00:00,23.4,84.6,30,NI
2024258N22091,UNNAMED,2024-09-16 21:00:00,23.5,84.4, ,NI
2024258N22091,UNNAMED,2024-09-17 00:00:00,23.6,84.2,25,NI
2024258N22091,UNNAMED,2024-09-17 03:00:00,23.7,83.7,25,NI
2024258N22091,UNNAMED,2024-09-17 06:00:00,23.7,82.7,20,NI
2024258N22091,UNNAMED,2024-09-17 09:00:00,23.8,81.9, ,NI
2024258N22091,UNNAMED,2024-09-17 12:00:00,24.0,81.3,20,NI
2024258N22091,UNNAMED,2024-09-17 15:00:00,24.1,80.8, ,NI
2024258N22091,UNNAMED,2024-09-17 18:00:00,24.2,80.3,20,NI
2024288N16065,UNNAMED,2024-10-13 12:00:00,15.6,65.0,20,NI
2024288N16065,UNNAMED,2024-10-13 15:00:00,15.6,64.8, ,NI
2024288N16065,UNNAMED,2024-10-13 18:00:00,15.7,64.7,20,NI
2024288N16065,UNNAMED,2024-10-13 21:00:00,15.8,64.6, ,NI
2024288N16065,UNNAMED,2024-10-14 00:00:00,15.8,64.5,20,NI
2024288N16065,UNNAMED,2024-10-14 03:00:00,15.8,64.3,25,NI
2024288N16065,UNNAMED,2024-10-14 06:00:00,16.0,64.0,25,NI
2024288N16065,UNNAMED,2024-10-14 09:00:00,16.1,63.0, ,NI
2024288N16065,UNNAMED,2024-10-14 12:00:00,16.1,62.0,25,NI
2024288N16065,UNNAMED,2024-10-14 15:00:00,16.1,61.6, ,NI
2024288N16065,UNNAMED,2024-10-14 18:00:00,16.1,61.5,25,NI
2024288N16065,UNNAMED,2024-10-14 21:00:00,16.0,61.3, ,NI
2024288N16065,UNNAMED,2024-10-15 00:00:00,16.1,61.0,20,NI
2024288N16065,UNNAMED,2024-10-15 03:00:00,16.8,60.5,20,NI
2024288N16065,UNNAMED,2024-10-15 06:00:00,17.5,59.8,20,NI
2024288N16065,UNNAMED,2024-10-15 09:00:00,18.0,59.2, ,NI
2024288N16065,UNNAMED,2024-10-15 12:00:00,18.3,58.8,20,NI
2024290N11084,UNNAMED,2024-10-15 12:00:00,11.4,84.4,20,NI
2024290N11084,UNNAMED,2024-10-15 15:00:00,11.6,84.2, ,NI
2024290N11084,UNNAMED,2024-10-15 18:00:00,11.8,84.0,20,NI
2024290N11084,UNNAMED,2024-10-15 21:00:00,11.9,83.7, ,NI
2024290N11084,UNNAMED,2024-10-16 00:00:00,12.1,83.4,20,NI
2024290N11084,UNNAMED,2024-10-16 03:00:00,12.3,83.0,25,NI
2024290N11084,UNNAMED,2024-10-16 06:00:00,12.5,82.7,25,NI
2024290N11084,UNNAMED,2024-10-16 09:00:00,12.7,82.3, ,NI
2024290N11084,UNNAMED,2024-10-16 12:00:00,12.9,81.9,25,NI
2024290N11084,UNNAMED,2024-10-16 15:00:00,13.1,81.4, ,NI
2024290N11084,UNNAMED,2024-10-16 18:00:00,13.4,80.8,25,NI
2024295N15092,DANA,2024-10-21 06:00:00,15.3,92.1, ,NI
2024295N15092,DANA,2024-10-21 09:00:00,15.2,92.1, ,NI
2024295N15092,DANA,2024-10-21 12:00:00,15.2,92.1, ,NI
2024295N15092,DANA,2024-10-21 15:00:00,15.2,92.1, ,NI
2024295N15092,DANA,2024-10-21 18:00:00,15.2,92.0, ,NI
2024295N15092,DANA,2024-10-21 21:00:00,15.1,92.0, ,NI
2024295N15092,DANA,2024-10-22 00:00:00,15.2,91.9,20,NI
2024295N15092,DANA,2024-10-22 03:00:00,15.2,91.8,20,NI
2024295N15092,DANA,2024-10-22 06:00:00,15.3,91.6,25,NI
2024295N15092,DANA,2024-10-22 09:00:00,15.3,91.5, ,NI
2024295N15092,DANA,2024-10-22 12:00:00,15.4,91.4,30,NI
2024295N15092,DANA,2024-10-22 15:00:00,15.5,91.1, ,NI
2024295N15092,DANA,2024-10-22 18:00:00,15.6,90.7,30,NI
2024295N15092,DANA,2024-10-22 21:00:00,15.8,90.3, ,NI
2024295N15092,DANA,2024-10-23 00:00:00,16.1,89.9,35,NI
2024295N15092,DANA,2024-10-23 03:00:00,16.4,89.6,35,NI
2024295N15092,DANA,2024-10-23 06:00:00,16.7,89.3,40,NI
2024295N15092,DANA,2024-10-23 09:00:00,16.9,89.1,45,NI
2024295N15092,DANA,2024-10-23 12:00:00,17.3,89.0,45,NI
2024295N15092,DANA,2024-10-23 15:00:00,17.6,88.8,45,NI
2024295N15092,DANA,2024-10-23 18:00:00,18.0,88.7,50,NI
2024295N15092,DANA,2024-10-23 21:00:00,18.3,88.4,50,NI
2024295N15092,DANA,2024-10-24 00:00:00,18.7,88.2,55,NI
2024295N15092,DANA,2024-10-24 03:00:00,19.0,88.0,55,NI
2024295N15092,DANA,2024-10-24 06:00:00,19.3,87.8,55,NI
2024295N15092,DANA,2024-10-24 09:00:00,19.5,87.6,60,NI
2024295N15092,DANA,2024-10-24 12:00:00,19.8,87.5,60,NI
2024295N15092,DANA,2024-10-24 15:00:00,20.1,87.3,60,NI
2024295N15092,DANA,2024-10-24 18:00:00,20.5,87.1,55,NI
2024295N15092,DANA,2024-10-24 21:00:00,20.7,87.0,55,NI
2024295N15092,DANA,2024-10-25 00:00:00,20.9,86.9,50,NI
2024295N15092,DANA,2024-10-25 03:00:00,21.1,86.8,45,NI
2024295N15092,DANA,2024-10-25 06:00:00,21.2,86.7,35,NI
2024295N15092,DANA,2024-10-25 09:00:00,21.3,86.6,30,NI
2024295N15092,DANA,2024-10-25 12:00:00,21.3,86.5,30,NI
2024295N15092,DANA,2024-10-25 15:00:00,21.3,86.4, ,NI
2024295N15092,DANA,2024-10-25 18:00:00,21.3,86.4,25,NI
2024295N15092,DANA,2024-10-25 21:00:00,21.2,86.5, ,NI
2024295N15092,DANA,2024-10-26 00:00:00,21.2,86.4, ,NI
2024329N04089,FENGAL,2024-11-23 18:00:00,3.6,88.9, ,NI
2024329N04089,FENGAL,2024-11-23 21:00:00,3.7,88.3, ,NI
2024329N04089,FENGAL,2024-11-24 00:00:00,3.7,87.8, ,NI
2024329N04089,FENGAL,2024-11-24 03:00:00,3.7,87.3, ,NI
2024329N04089,FENGAL,2024-11-24 06:00:00,3.8,86.8, ,NI
2024329N04089,FENGAL,2024-11-24 09:00:00,3.9,86.2, ,NI
2024329N04089,FENGAL,2024-11-24 12:00:00,4.0,85.6, ,NI
2024329N04089,FENGAL,2024-11-24 15:00:00,4.1,85.1, ,NI
2024329N04089,FENGAL,2024-11-24 18:00:00,4.2,84.7, ,NI
2024329N04089,FENGAL,2024-11-24 21:00:00,4.3,84.3, ,NI
2024329N04089,FENGAL,2024-11-25 00:00:00,4.3,83.9, ,NI
2024329N04089,FENGAL,2024-11-25 03:00:00,4.4,83.9,20,NI
2024329N04089,FENGAL,2024-11-25 06:00:00,4.6,83.6,20,NI
2024329N04089,FENGAL,2024-11-25 09:00:00,4.9,83.4, ,NI
2024329N04089,FENGAL,2024-11-25 12:00:00,5.2,83.3,25,NI
2024329N04089,FENGAL,2024-11-25 15:00:00,5.4,83.1, ,NI
2024329N04089,FENGAL,2024-11-25 18:00:00,5.6,83.1,25,NI
2024329N04089,FENGAL,2024-11-25 21:00:00,5.8,83.1, ,NI
2024329N04089,FENGAL,2024-11-26 00:00:00,6.1,83.1,25,NI
2024329N04089,FENGAL,2024-11-26 03:00:00,6.4,82.9,30,NI
2024329N04089,FENGAL,2024-11-26 06:00:00,6.8,82.9,30,NI
2024329N04089,FENGAL,2024-11-26 09:00:00,7.1,82.8, ,NI
2024329N04089,FENGAL,2024-11-26 12:00:00,7.3,82.8,30,NI
2024329N04089,FENGAL,2024-11-26 15:00:00,7.5,82.7, ,NI
2024329N04089,FENGAL,2024-11-26 18:00:00,7.8,82.6,30,NI
2024329N04089,FENGAL,2024-11-26 21:00:00,8.1,82.5, ,NI
2024329N04089,FENGAL,2024-11-27 00:00:00,8.3,82.4,30,NI
2024329N04089,FENGAL,2024-11-27 03:00:00,8.5,82.3,30,NI
2024329N04089,FENGAL,2024-11-27 06:00:00,8.7,82.3,30,NI
2024329N04089,FENGAL,2024-11-27 09:00:00,8.8,82.2, ,NI
2024329N04089,FENGAL,2024-11-27 12:00:00,8.8,82.3,30,NI
2024329N04089,FENGAL,2024-11-27 15:00:00,8.9,82.5, ,NI
2024329N04089,FENGAL,2024-11-27 18:00:00,9.0,82.7,30,NI
2024329N04089,FENGAL,2024-11-27 21:00:00,9.1,82.7, ,NI
2024329N04089,FENGAL,2024-11-28 00:00:00,9.2,82.8,30,NI
2024329N04089,FENGAL,2024-11-28 03:00:00,9.2,83.0,30,NI
2024329N04089,FENGAL,2024-11-28 06:00:00,9.3,83.2,30,NI
2024329N04089,FENGAL,2024-11-28 09:00:00,9.4,83.3, ,NI
2024329N04089,FENGAL,2024-11-28 12:00:00,9.6,83.4,30,NI
2024329N04089,FENGAL,2024-11-28 15:00:00,9.9,83.5, ,NI
2024329N04089,FENGAL,2024-11-28 18:00:00,10.2,83.5,30,NI
2024329N04089,FENGAL,2024-11-28 21:00:00,10.5,83.2, ,NI
2024329N04089,FENGAL,2024-11-29 00:00:00,10.7,82.9,30,NI
2024329N04089,FENGAL,2024-11-29 03:00:00,10.9,82.7,30,NI
2024329N04089,FENGAL,2024-11-29 06:00:00,11.2,82.6,30,NI
2024329N04089,FENGAL,2024-11-29 09:00:00,11.4,82.3,35,NI
2024329N04089,FENGAL,2024-11-29 12:00:00,11.7,82.1,35,NI
2024329N04089,FENGAL,2024-11-29 15:00:00,11.9,81.8,35,NI
2024329N04089,FENGAL,2024-11-29 18:00:00,12.1,81.8,35,NI
2024329N04089,FENGAL,2024-11-29 21:00:00,12.2,81.6,40,NI
2024329N04089,FENGAL,2024-11-30 00:00:00,12.4,81.3,45,NI
2024329N04089,FENGAL,2024-11-30 03:00:00,12.4,81.0,45,NI
2024329N04089,FENGAL,2024-11-30 06:00:00,12.3,80.9,45,NI
2024329N04089,FENGAL,2024-11-30 09:00:00,12.3,80.7,45,NI
2024329N04089,FENGAL,2024-11-30 12:00:00,12.3,80.5,40,NI
2024329N04089,FENGAL,2024-11-30 15:00:00,12.2,80.3,40,NI
2024329N04089,FENGAL,2024-11-30 18:00:00,12.1,80.1,40,NI
2024329N04089,FENGAL,2024-11-30 21:00:00,12.1,80.0,35,NI
2024329N04089,FENGAL,2024-12-01 00:00:00,12.1,79.9,35,NI
2024329N04089,FENGAL,2024-12-01 03:00:00,12.0,79.8,35,NI
2024329N04089,FENGAL,2024-12-01 06:00:00,12.1,79.8,30,NI
2024329N04089,FENGAL,2024-12-01 09:00:00,12.1,79.7, ,NI
2024329N04089,FENGAL,2024-12-01 12:00:00,12.1,79.5,25,NI
2024329N04089,FENGAL,2024-12-01 15:00:00,12.1,79.4, ,NI
2024329N04089,FENGAL,2024-12-01 18:00:00,12.2,79.3,25,NI
2024329N04089,FENGAL,2024-12-01 21:00:00,12.1,79.2, ,NI
2024329N04089,FENGAL,2024-12-02 00:00:00,12.1,79.1, ,NI
2024329N04089,FENGAL,2024-12-02 03:00:00,12.1,78.9, ,NI
2024329N04089,FENGAL,2024-12-02 06:00:00,12.2,78.6, ,NI
2024329N04089,FENGAL,2024-12-02 09:00:00,12.3,78.3, ,NI
2024329N04089,FENGAL,2024-12-02 12:00:00,12.5,77.9, ,NI
2024329N04089,FENGAL,2024-12-02 15:00:00,12.7,77.5, ,NI
2024329N04089,FENGAL,2024-12-02 18:00:00,12.9,76.9, ,NI
2024329N04089,FENGAL,2024-12-02 21:00:00,13.0,76.3, ,NI
2024329N04089,FENGAL,2024-12-03 00:00:00,13.1,75.5, ,NI
2024329N04089,FENGAL,2024-12-03 03:00:00,13.2,74.6, ,NI
2024329N04089,FENGAL,2024-12-03 06:00:00,13.3,73.7, ,NI
2024329N04089,FENGAL,2024-12-03 09:00:00,13.5,72.7, ,NI
2024329N04089,FENGAL,2024-12-03 12:00:00,13.5,71.8, ,NI
2024329N04089,FENGAL,2024-12-03 15:00:00,13.2,71.4, ,NI
2024329N04089,FENGAL,2024-12-03 18:00:00,12.8,71.2, ,NI
2024329N04089,FENGAL,2024-12-03 21:00:00,12.5,71.0, ,NI
2024329N04089,FENGAL,2024-12-04 00:00:00,12.3,70.9, ,NI
2024329N04089,FENGAL,2024-12-04 03:00:00,12.2,70.7, ,NI
2024329N04089,FENGAL,2024-12-04 06:00:00,12.0,70.4, ,NI
2024329N04089,FENGAL,2024-12-04 09:00:00,11.7,70.1, ,NI
2024329N04089,FENGAL,2024-12-04 12:00:00,11.2,69.9, ,NI
2024356N14084,UNNAMED,2024-12-20 12:00:00,13.7,83.5,20,NI
2024356N14084,UNNAMED,2024-12-20 15:00:00,13.8,83.6, ,NI
2024356N14084,UNNAMED,2024-12-20 18:00:00,13.9,83.7,25,NI
2024356N14084,UNNAMED,2024-12-20 21:00:00,13.9,83.9, ,NI
2024356N14084,UNNAMED,2024-12-21 00:00:00,13.9,84.2,25,NI
2024356N14084,UNNAMED,2024-12-21 03:00:00,14.0,84.5,25,NI
2024356N14084,UNNAMED,2024-12-21 06:00:00,14.1,84.6,20,NI
2025144N17073,UNNAMED,2025-05-24 00:00:00,17.0,73.0,25,NI
2025144N17073,UNNAMED,2025-05-24 03:00:00,17.0,73.2,25,NI
2025144N17073,UNNAMED,2025-05-24 06:00:00,17.0,73.3,25,NI
2025144N17073,UNNAMED,2025-05-24 09:00:00,17.1,73.7, ,NI
2025144N17073,UNNAMED,2025-05-24 12:00:00,17.2,74.3,25,NI
2025144N17073,UNNAMED,2025-05-24 15:00:00,17.3,74.8, ,NI
2025144N17073,UNNAMED,2025-05-24 18:00:00,17.4,75.3,25,NI
2025149N21088,UNNAMED,2025-05-29 00:00:00,20.8,88.3,25,NI
2025149N21088,UNNAMED,2025-05-29 03:00:00,21.3,88.3,30,NI
2025149N21088,UNNAMED,2025-05-29 06:00:00,22.0,88.4,30,NI
2025149N21088,UNNAMED,2025-05-29 09:00:00,22.2,88.5, ,NI
2025149N21088,UNNAMED,2025-05-29 12:00:00,22.2,88.6,30,NI
2025149N21088,UNNAMED,2025-05-29 15:00:00,22.5,88.9, ,NI
2025149N21088,UNNAMED,2025-05-29 18:00:00,23.0,89.2,30,NI
2025149N21088,UNNAMED,2025-05-29 21:00:00,23.6,89.3, ,NI
2025149N21088,UNNAMED,2025-05-30 00:00:00,24.1,89.4,25,NI
2025149N21088,UNNAMED,2025-05-30 03:00:00,24.3,89.6,20,NI
2025149N21088,UNNAMED,2025-05-30 06:00:00,25.1,90.2,20,NI
2025195N23089,UNNAMED,2025-07-14 06:00:00,23.0,88.8,20,NI
2025195N23089,UNNAMED,2025-07-14 09:00:00,23.2,88.6, ,NI
2025195N23089,UNNAMED,2025-07-14 12:00:00,23.3,88.4,20,NI
2025195N23089,UNNAMED,2025-07-14 15:00:00,23.4,88.3, ,NI
2025195N23089,UNNAMED,2025-07-14 18:00:00,23.5,88.0,20,NI
2025195N23089,UNNAMED,2025-07-14 21:00:00,23.7,87.4, ,NI
2025195N23089,UNNAMED,2025-07-15 00:00:00,24.0,86.7,20,NI
2025196N27075,UNNAMED,2025-07-15 03:00:00,27.4,75.4,20,NI
2025196N27075,UNNAMED,2025-07-15 06:00:00,27.7,75.0,20,NI
2025196N27075,UNNAMED,2025-07-15 09:00:00,28.4,74.3, ,NI
2025196N27075,UNNAMED,2025-07-15 12:00:00,29.0,73.7,20,NI
2025196N27075,UNNAMED,2025-07-15 15:00:00,29.2,73.5, ,NI
2025196N27075,UNNAMED,2025-07-15 18:00:00,29.2,73.5,20,NI
2025198N25082,UNNAMED,2025-07-17 00:00:00,25.2,81.8,25,NI
2025198N25082,UNNAMED,2025-07-17 03:00:00,25.2,81.5,25,NI
2025198N25082,UNNAMED,2025-07-17 06:00:00,25.3,81.2,25,NI
2025198N25082,UNNAMED,2025-07-17 09:00:00,25.4,80.8, ,NI
2025198N25082,UNNAMED,2025-07-17 12:00:00,25.6,80.3,25,NI
2025198N25082,UNNAMED,2025-07-17 15:00:00,25.7,80.0, ,NI
2025198N25082,UNNAMED,2025-07-17 18:00:00,25.8,79.8,25,NI
2025198N25082,UNNAMED,2025-07-17 21:00:00,26.1,79.4, ,NI
2025198N25082,UNNAMED,2025-07-18 00:00:00,26.3,79.0,25,NI
2025198N25082,UNNAMED,2025-07-18 03:00:00,26.4,78.5,25,NI
2025198N25082,UNNAMED,2025-07-18 06:00:00,26.4,78.0,25,NI
2025198N25082,UNNAMED,2025-07-18 09:00:00,26.7,77.6, ,NI
2025198N25082,UNNAMED,2025-07-18 12:00:00,27.0,77.2,25,NI
2025198N25082,UNNAMED,2025-07-18 15:00:00,27.1,76.9, ,NI
2025198N25082,UNNAMED,2025-07-18 18:00:00,27.2,76.5,25,NI
2025198N25082,UNNAMED,2025-07-18 21:00:00,27.3,75.8, ,NI
2025198N25082,UNNAMED,2025-07-19 00:00:00,27.4,75.1,25,NI
2025198N25082,UNNAMED,2025-07-19 03:00:00,27.5,74.6,20,NI
2025198N25082,UNNAMED,2025-07-19 06:00:00,27.5,74.2,20,NI
2025198N25082,UNNAMED,2025-07-19 09:00:00,27.5,73.9, ,NI
2025198N25082,UNNAMED,2025-07-19 12:00:00,27.5,73.7,20,NI
2025198N25082,UNNAMED,2025-07-19 15:00:00,27.5,73.4, ,NI
2025198N25082,UNNAMED,2025-07-19 18:00:00,27.5,73.0,20,NI
2025206N21090,UNNAMED,2025-07-25 00:00:00,21.4,89.5,25,NI
2025206N21090,UNNAMED,2025-07-25 03:00:00,21.7,88.8,25,NI
2025206N21090,UNNAMED,2025-07-25 06:00:00,22.0,88.4,25,NI
2025206N21090,UNNAMED,2025-07-25 09:00:00,22.3,87.9, ,NI
2025206N21090,UNNAMED,2025-07-25 12:00:00,22.6,87.4,25,NI
2025206N21090,UNNAMED,2025-07-25 15:00:00,22.8,87.0, ,NI
2025206N21090,UNNAMED,2025-07-25 18:00:00,23.0,86.6,25,NI
2025206N21090,UNNAMED,2025-07-25 21:00:00,23.2,85.9, ,NI
2025206N21090,UNNAMED,2025-07-26 00:00:00,23.3,85.0,25,NI
2025206N21090,UNNAMED,2025-07-26 03:00:00,23.3,84.0,20,NI
2025206N21090,UNNAMED,2025-07-26 06:00:00,23.3,82.3,20,NI
2025206N21090,UNNAMED,2025-07-26 09:00:00,23.3,81.7, ,NI
2025206N21090,UNNAMED,2025-07-26 12:00:00,23.3,81.7,20,NI
2025206N21090,UNNAMED,2025-07-26 15:00:00,23.3,81.5, ,NI
2025206N21090,UNNAMED,2025-07-26 18:00:00,23.3,81.0,20,NI
2025231N19085,UNNAMED,2025-08-18 12:00:00,18.9,85.0,20,NI
2025231N19085,UNNAMED,2025-08-18 15:00:00,19.0,84.9, ,NI
2025231N19085,UNNAMED,2025-08-18 18:00:00,19.0,84.9,20,NI
2025231N19085,UNNAMED,2025-08-18 21:00:00,19.1,85.0, ,NI
2025231N19085,UNNAMED,2025-08-19 00:00:00,19.3,84.8,20,NI
2025231N19085,UNNAMED,2025-08-19 03:00:00,19.8,84.0,20,NI
2025231N19085,UNNAMED,2025-08-19 06:00:00,20.0,83.3,20,NI
2025233N15126,KAJIKI,2025-08-26 21:00:00,19.8,99.8, ,NI
2025233N15126,KAJIKI,2025-08-27 00:00:00,20.1,99.6, ,NI
2025250N25073,UNNAMED,2025-09-06 18:00:00,25.0,72.5,25,NI
2025250N25073,UNNAMED,2025-09-06 21:00:00,24.6,72.4, ,NI
2025250N25073,UNNAMED,2025-09-07 00:00:00,24.3,72.2,25,NI
2025250N25073,UNNAMED,2025-09-07 03:00:00,24.2,71.8,25,NI
2025250N25073,UNNAMED,2025-09-07 06:00:00,24.3,71.4,30,NI
2025250N25073,UNNAMED,2025-09-07 09:00:00,24.4,71.2, ,NI
2025250N25073,UNNAMED,2025-09-07 12:00:00,24.5,71.2,30,NI
2025250N25073,UNNAMED,2025-09-07 15:00:00,24.5,71.1, ,NI
2025250N25073,UNNAMED,2025-09-07 18:00:00,24.6,71.0,30,NI
2025250N25073,UNNAMED,2025-09-07 21:00:00,24.7,70.9, ,NI
2025250N25073,UNNAMED,2025-09-08 00:00:00,24.8,70.7,30,NI
2025250N25073,UNNAMED,2025-09-08 03:00:00,25.0,70.5,30,NI
2025250N25073,UNNAMED,2025-09-08 06:00:00,25.3,70.2,30,NI
2025250N25073,UNNAMED,2025-09-08 09:00:00,25.6,69.8, ,NI
2025250N25073,UNNAMED,2025-09-08 12:00:00,25.8,69.5,30,NI
2025250N25073,UNNAMED,2025-09-08 15:00:00,25.9,69.2, ,NI
2025250N25073,UNNAMED,2025-09-08 18:00:00,25.9,69.0,25,NI
2025250N25073,UNNAMED,2025-09-08 21:00:00,25.9,68.9, ,NI
2025250N25073,UNNAMED,2025-09-09 00:00:00,25.8,68.7,25,NI
2025250N25073,UNNAMED,2025-09-09 03:00:00,25.4,68.4,25,NI
2025250N25073,UNNAMED,2025-09-09 06:00:00,25.2,68.2,25,NI
2025250N25073,UNNAMED,2025-09-09 09:00:00,25.1,68.0, ,NI
2025250N25073,UNNAMED,2025-09-09 12:00:00,25.0,67.7,25,NI
2025250N25073,UNNAMED,2025-09-09 15:00:00,24.9,67.4, ,NI
2025250N25073,UNNAMED,2025-09-09 18:00:00,24.9,67.1,25,NI
2025250N25073,UNNAMED,2025-09-09 21:00:00,24.8,66.7, ,NI
2025250N25073,UNNAMED,2025-09-10 00:00:00,24.8,66.3,25,NI
2025250N25073,UNNAMED,2025-09-10 03:00:00,24.8,65.8,25,NI
2025250N25073,UNNAMED,2025-09-10 06:00:00,24.8,65.3,25,NI
2025250N25073,UNNAMED,2025-09-10 09:00:00,24.8,64.8, ,NI
2025250N25073,UNNAMED,2025-09-10 12:00:00,24.8,64.4,25,NI
2025250N25073,UNNAMED,2025-09-10 15:00:00,24.8,64.0, ,NI
2025250N25073,UNNAMED,2025-09-10 18:00:00,24.8,63.5,20,NI
2025266N11137,BUALOI,2025-09-29 21:00:00,21.5,99.9, ,NI
2025266N11137,BUALOI,2025-09-30 00:00:00,22.0,99.3, ,NI
2025266N11137,BUALOI,2025-09-30 03:00:00,22.5,98.7, ,NI
2025266N11137,BUALOI,2025-09-30 06:00:00,23.1,98.3, ,NI
2025266N11137,BUALOI,2025-09-30 09:00:00,23.7,98.0, ,NI
2025266N11137,BUALOI,2025-09-30 12:00:00,24.3,97.8, ,NI
2025270N19086,UNNAMED,2025-09-26 12:00:00,19.3,86.1,25,NI
2025270N19086,UNNAMED,2025-09-26 15:00:00,19.3,85.8, ,NI
2025270N19086,UNNAMED,2025-09-26 18:00:00,19.3,85.5,25,NI
2025270N19086,UNNAMED,2025-09-26 21:00:00,19.3,85.2, ,NI
2025270N19086,UNNAMED,2025-09-27 00:00:00,19.3,84.8,25,NI
2025270N19086,UNNAMED,2025-09-27 03:00:00,19.3,84.2,25,NI
2025270N19086,UNNAMED,2025-09-27 06:00:00,19.3,83.4,25,NI
2025270N19086,UNNAMED,2025-09-27 09:00:00,19.4,82.5, ,NI
2025270N19086,UNNAMED,2025-09-27 12:00:00,19.7,81.5,20,NI
2025270N19086,UNNAMED,2025-09-27 15:00:00,20.0,80.5, ,NI
2025270N19086,UNNAMED,2025-09-27 18:00:00,20.3,79.5,20,NI
2025270N19086,UNNAMED,2025-09-27 21:00:00,20.4,78.3, ,NI
2025270N19086,UNNAMED,2025-09-28 00:00:00,20.3,77.0,20,NI
2025274N16087,UNNAMED,2025-10-01 06:00:00,15.9,86.5,25,NI
2025274N16087,UNNAMED,2025-10-01 09:00:00,16.3,86.4, ,NI
2025274N16087,UNNAMED,2025-10-01 12:00:00,16.6,86.3,25,NI
2025274N16087,UNNAMED,2025-10-01 15:00:00,16.7,86.1, ,NI
2025274N16087,UNNAMED,2025-10-01 18:00:00,16.8,85.8,30,NI
2025274N16087,UNNAMED,2025-10-01 21:00:00,17.0,85.6, ,NI
2025274N16087,UNNAMED,2025-10-02 00:00:00,17.4,85.4,30,NI
2025274N16087,UNNAMED,2025-10-02 03:00:00,17.9,85.2,30,NI
2025274N16087,UNNAMED,2025-10-02 06:00:00,18.6,85.1,30,NI
2025274N16087,UNNAMED,2025-10-02 09:00:00,19.1,84.9, ,NI
2025274N16087,UNNAMED,2025-10-02 12:00:00,19.4,84.8,30,NI
2025274N16087,UNNAMED,2025-10-02 15:00:00,19.6,84.6, ,NI
2025274N16087,UNNAMED,2025-10-02 18:00:00,19.8,84.4,30,NI
2025274N16087,UNNAMED,2025-10-02 21:00:00,19.9,84.3, ,NI
2025274N16087,UNNAMED,2025-10-03 00:00:00,20.2,84.1,25,NI
2025274N16087,UNNAMED,2025-10-03 03:00:00,20.7,83.7,25,NI
2025274N16087,UNNAMED,2025-10-03 06:00:00,21.2,83.6,25,NI
2025275N22068,SHAKHTI,2025-10-01 12:00:00,22.0,68.3,25,NI
2025275N22068,SHAKHTI,2025-10-01 15:00:00,21.8,68.3, ,NI
2025275N22068,SHAKHTI,2025-10-01 18:00:00,21.5,68.2,25,NI
2025275N22068,SHAKHTI,2025-10-01 21:00:00,21.2,68.1, ,NI
2025275N22068,SHAKHTI,2025-10-02 00:00:00,21.0,68.0,25,NI
2025275N22068,SHAKHTI,2025-10-02 03:00:00,20.8,67.9,25,NI
2025275N22068,SHAKHTI,2025-10-02 06:00:00,20.8,67.9,25,NI
2025275N22068,SHAKHTI,2025-10-02 09:00:00,20.8,67.9, ,NI
2025275N22068,SHAKHTI,2025-10-02 12:00:00,20.8,67.9,25,NI
2025275N22068,SHAKHTI,2025-10-02 15:00:00,20.8,67.8, ,NI
2025275N22068,SHAKHTI,2025-10-02 18:00:00,20.8,67.7,30,NI
2025275N22068,SHAKHTI,2025-10-02 21:00:00,21.0,67.5, ,NI
2025275N22068,SHAKHTI,2025-10-03 00:00:00,21.4,67.2,30,NI
2025275N22068,SHAKHTI,2025-10-03 03:00:00,21.6,67.0,30,NI
2025275N22068,SHAKHTI,2025-10-03 06:00:00,21.8,66.8,35,NI
2025275N22068,SHAKHTI,2025-10-03 09:00:00,21.9,66.6,35,NI
2025275N22068,SHAKHTI,2025-10-03 12:00:00,22.0,66.4,40,NI
2025275N22068,SHAKHTI,2025-10-03 15:00:00,22.1,66.2,40,NI
2025275N22068,SHAKHTI,2025-10-03 18:00:00,22.1,65.8,45,NI
2025275N22068,SHAKHTI,2025-10-03 21:00:00,22.1,65.4,45,NI
2025275N22068,SHAKHTI,2025-10-04 00:00:00,22.1,64.8,50,NI
2025275N22068,SHAKHTI,2025-10-04 03:00:00,22.1,64.4,55,NI
2025275N22068,SHAKHTI,2025-10-04 06:00:00,21.9,64.1,55,NI
2025275N22068,SHAKHTI,2025-10-04 09:00:00,21.7,63.8,55,NI
2025275N22068,SHAKHTI,2025-10-04 12:00:00,21.4,63.5,55,NI
2025275N22068,SHAKHTI,2025-10-04 15:00:00,21.3,63.0,55,NI
2025275N22068,SHAKHTI,2025-10-04 18:00:00,21.2,62.6,55,NI
2025275N22068,SHAKHTI,2025-10-04 21:00:00,21.1,62.0,55,NI
2025275N22068,SHAKHTI,2025-10-05 00:00:00,21.0,61.5,60,NI
2025275N22068,SHAKHTI,2025-10-05 03:00:00,20.8,61.3,60,NI
2025275N22068,SHAKHTI,2025-10-05 06:00:00,20.6,61.3,60,NI
2025275N22068,SHAKHTI,2025-10-05 09:00:00,20.3,61.0,60,NI
2025275N22068,SHAKHTI,2025-10-05 12:00:00,20.1,60.6,55,NI
2025275N22068,SHAKHTI,2025-10-05 15:00:00,19.8,60.4,55,NI
2025275N22068,SHAKHTI,2025-10-05 18:00:00,19.7,60.4,50,NI
2025275N22068,SHAKHTI,2025-10-05 21:00:00,19.7,60.5,50,NI
2025275N22068,SHAKHTI,2025-10-06 00:00:00,19.8,60.6,45,NI
2025275N22068,SHAKHTI,2025-10-06 03:00:00,19.8,60.5,45,NI
2025275N22068,SHAKHTI,2025-10-06 06:00:00,19.8,60.4,40,NI
2025275N22068,SHAKHTI,2025-10-06 09:00:00,19.7,60.3,40,NI
2025275N22068,SHAKHTI,2025-10-06 12:00:00,19.6,60.2,35,NI
2025275N22068,SHAKHTI,2025-10-06 15:00:00,19.6,60.1,35,NI
2025275N22068,SHAKHTI,2025-10-06 18:00:00,19.5,60.1,30,NI
2025275N22068,SHAKHTI,2025-10-06 21:00:00,19.4,60.2, ,NI
2025275N22068,SHAKHTI,2025-10-07 00:00:00,19.2,60.3,30,NI
2025275N22068,SHAKHTI,2025-10-07 03:00:00,19.0,60.5,25,NI
2025275N22068,SHAKHTI,2025-10-07 06:00:00,18.9,60.7,20,NI
2025295N09068,UNNAMED,2025-10-22 00:00:00,8.6,67.6,20,NI
2025295N09068,UNNAMED,2025-10-22 03:00:00,8.9,67.4,20,NI
2025295N09068,UNNAMED,2025-10-22 06:00:00,9.0,67.0,20,NI
2025295N09068,UNNAMED,2025-10-22 09:00:00,9.1,67.1, ,NI
2025295N09068,UNNAMED,2025-10-22 12:00:00,9.3,67.4,20,NI
2025295N09068,UNNAMED,2025-10-22 15:00:00,9.4,67.5, ,NI
2025295N09068,UNNAMED,2025-10-22 18:00:00,9.5,67.6,20,NI
2025295N09068,UNNAMED,2025-10-22 21:00:00,9.5,67.6, ,NI
2025295N09068,UNNAMED,2025-10-23 00:00:00,9.6,67.7,20,NI
2025295N09068,UNNAMED,2025-10-23 03:00:00,9.8,67.8,20,NI
2025295N09068,UNNAMED,2025-10-23 06:00:00,10.1,68.0,20,NI
2025295N09068,UNNAMED,2025-10-23 09:00:00,10.5,68.7, ,NI
2025295N09068,UNNAMED,2025-10-23 12:00:00,11.0,69.4,20,NI
2025295N09068,UNNAMED,2025-10-23 15:00:00,11.5,69.8, ,NI
2025295N09068,UNNAMED,2025-10-23 18:00:00,12.0,70.0,20,NI
2025295N09068,UNNAMED,2025-10-23 21:00:00,12.6,70.3, ,NI
2025295N09068,UNNAMED,2025-10-24 00:00:00,13.3,70.5,20,NI
2025295N09068,UNNAMED,2025-10-24 03:00:00,14.0,70.6,20,NI
2025295N09068,UNNAMED,2025-10-24 06:00:00,14.4,70.7,20,NI
2025295N09068,UNNAMED,2025-10-24 09:00:00,14.8,70.7, ,NI
2025295N09068,UNNAMED,2025-10-24 12:00:00,15.2,70.7,20,NI
2025295N09068,UNNAMED,2025-10-24 15:00:00,15.7,70.7, ,NI
2025295N09068,UNNAMED,2025-10-24 18:00:00,16.1,70.7,20,NI
2025295N09068,UNNAMED,2025-10-24 21:00:00,16.3,70.5, ,NI
2025295N09068,UNNAMED,2025-10-25 00:00:00,16.4,70.4,20,NI
2025295N09068,UNNAMED,2025-10-25 03:00:00,16.5,70.4,20,NI
2025295N09068,UNNAMED,2025-10-25 06:00:00,16.6,69.2,20,NI
2025295N09068,UNNAMED,2025-10-25 09:00:00,16.6,68.4, ,NI
2025295N09068,UNNAMED,2025-10-25 12:00:00,16.6,68.0,20,NI
2025295N09068,UNNAMED,2025-10-25 15:00:00,16.6,67.5, ,NI
2025295N09068,UNNAMED,2025-10-25 18:00:00,16.6,67.2,20,NI
2025295N09068,UNNAMED,2025-10-25 21:00:00,16.6,67.0, ,NI
2025295N09068,UNNAMED,2025-10-26 00:00:00,16.5,66.8,20,NI
2025295N09068,UNNAMED,2025-10-26 03:00:00,16.0,66.5,20,NI
2025295N09068,UNNAMED,2025-10-26 06:00:00,15.5,66.4,20,NI
2025295N09068,UNNAMED,2025-10-26 09:00:00,15.2,66.4, ,NI
2025295N09068,UNNAMED,2025-10-26 12:00:00,15.1,66.4,20,NI
2025295N09068,UNNAMED,2025-10-26 15:00:00,15.0,66.4, ,NI
2025295N09068,UNNAMED,2025-10-26 18:00:00,15.1,66.5,20,NI
2025295N09068,UNNAMED,2025-10-26 21:00:00,15.6,66.6, ,NI
2025295N09068,UNNAMED,2025-10-27 00:00:00,16.1,66.8,25,NI
2025295N09068,UNNAMED,2025-10-27 03:00:00,16.4,66.9,25,NI
2025295N09068,UNNAMED,2025-10-27 06:00:00,16.6,67.2,25,NI
2025295N09068,UNNAMED,2025-10-27 09:00:00,16.7,67.3, ,NI
2025295N09068,UNNAMED,2025-10-27 12:00:00,16.7,67.3,25,NI
2025295N09068,UNNAMED,2025-10-27 15:00:00,16.7,67.3, ,NI
2025295N09068,UNNAMED,2025-10-27 18:00:00,16.7,67.3,25,NI
2025295N09068,UNNAMED,2025-10-27 21:00:00,16.8,67.6, ,NI
2025295N09068,UNNAMED,2025-10-28 00:00:00,17.0,67.8,25,NI
2025295N09068,UNNAMED,2025-10-28 03:00:00,17.1,67.8,25,NI
2025295N09068,UNNAMED,2025-10-28 06:00:00,17.2,68.0,25,NI
2025295N09068,UNNAMED,2025-10-28 09:00:00,17.3,68.2, ,NI
2025295N09068,UNNAMED,2025-10-28 12:00:00,17.4,68.5,25,NI
2025295N09068,UNNAMED,2025-10-28 15:00:00,17.6,68.8, ,NI
2025295N09068,UNNAMED,2025-10-28 18:00:00,17.7,69.0,25,NI
2025295N09068,UNNAMED,2025-10-28 21:00:00,17.8,69.1, ,NI
2025295N09068,UNNAMED,2025-10-29 00:00:00,17.9,69.2,25,NI
2025295N09068,UNNAMED,2025-10-29 03:00:00,17.9,69.2,25,NI
2025295N09068,UNNAMED,2025-10-29 06:00:00,18.0,69.1,25,NI
2025295N09068,UNNAMED,2025-10-29 09:00:00,18.0,69.0, ,NI
2025295N09068,UNNAMED,2025-10-29 12:00:00,17.9,69.0,25,NI
2025295N09068,UNNAMED,2025-10-29 15:00:00,17.9,68.9, ,NI
2025295N09068,UNNAMED,2025-10-29 18:00:00,17.9,68.8,25,NI
2025295N09068,UNNAMED,2025-10-29 21:00:00,17.9,68.5, ,NI
2025295N09068,UNNAMED,2025-10-30 00:00:00,17.9,68.2,25,NI
2025295N09068,UNNAMED,2025-10-30 03:00:00,17.9,68.2,25,NI
2025295N09068,UNNAMED,2025-10-30 06:00:00,17.9,68.2,25,NI
2025295N09068,UNNAMED,2025-10-30 09:00:00,18.0,68.2, ,NI
2025295N09068,UNNAMED,2025-10-30 12:00:00,18.1,68.2,25,NI
2025295N09068,UNNAMED,2025-10-30 15:00:00,18.2,68.2, ,NI
2025295N09068,UNNAMED,2025-10-30 18:00:00,18.3,68.2,25,NI
2025295N09068,UNNAMED,2025-10-30 21:00:00,18.4,68.3, ,NI
2025295N09068,UNNAMED,2025-10-31 00:00:00,18.6,68.4,25,NI
2025295N09068,UNNAMED,2025-10-31 03:00:00,18.9,68.5,25,NI
2025295N09068,UNNAMED,2025-10-31 06:00:00,18.9,68.5,25,NI
2025295N09068,UNNAMED,2025-10-31 09:00:00,19.0,68.7, ,NI
2025295N09068,UNNAMED,2025-10-31 12:00:00,19.2,69.0,25,NI
2025295N09068,UNNAMED,2025-10-31 15:00:00,19.3,69.3, ,NI
2025295N09068,UNNAMED,2025-10-31 18:00:00,19.4,69.6,20,NI
2025298N11089,MONTHA,2025-10-25 00:00:00,10.8,89.0,20,NI
2025298N11089,MONTHA,2025-10-25 03:00:00,10.8,88.8,25,NI
2025298N11089,MONTHA,2025-10-25 06:00:00,10.8,88.6,25,NI
2025298N11089,MONTHA,2025-10-25 09:00:00,10.8,88.4, ,NI
2025298N11089,MONTHA,2025-10-25 12:00:00,10.9,88.1,25,NI
2025298N11089,MONTHA,2025-10-25 15:00:00,10.9,87.9, ,NI
2025298N11089,MONTHA,2025-10-25 18:00:00,11.0,87.7,25,NI
2025298N11089,MONTHA,2025-10-25 21:00:00,11.0,87.5, ,NI
2025298N11089,MONTHA,2025-10-26 00:00:00,11.1,87.3,30,NI
2025298N11089,MONTHA,2025-10-26 03:00:00,11.2,87.1,30,NI
2025298N11089,MONTHA,2025-10-26 06:00:00,11.3,86.9,30,NI
2025298N11089,MONTHA,2025-10-26 09:00:00,11.4,86.8, ,NI
2025298N11089,MONTHA,2025-10-26 12:00:00,11.4,86.4,30,NI
2025298N11089,MONTHA,2025-10-26 15:00:00,11.3,86.0, ,NI
2025298N11089,MONTHA,2025-10-26 18:00:00,11.4,85.6,35,NI
2025298N11089,MONTHA,2025-10-26 21:00:00,11.9,85.4,35,NI
2025298N11089,MONTHA,2025-10-27 00:00:00,12.4,85.3,35,NI
2025298N11089,MONTHA,2025-10-27 03:00:00,12.6,84.8,40,NI
2025298N11089,MONTHA,2025-10-27 06:00:00,12.7,84.4,40,NI
2025298N11089,MONTHA,2025-10-27 09:00:00,13.0,84.1,40,NI
2025298N11089,MONTHA,2025-10-27 12:00:00,13.3,84.0,45,NI
2025298N11089,MONTHA,2025-10-27 15:00:00,13.7,83.8,45,NI
2025298N11089,MONTHA,2025-10-27 18:00:00,14.1,83.5,45,NI
2025298N11089,MONTHA,2025-10-27 21:00:00,14.4,83.3,45,NI
2025298N11089,MONTHA,2025-10-28 00:00:00,14.6,83.1,50,NI
2025298N11089,MONTHA,2025-10-28 03:00:00,14.8,82.9,50,NI
2025298N11089,MONTHA,2025-10-28 06:00:00,15.2,82.6,50,NI
2025298N11089,MONTHA,2025-10-28 09:00:00,15.6,82.4,50,NI
2025298N11089,MONTHA,2025-10-28 12:00:00,15.9,82.1,50,NI
2025298N11089,MONTHA,2025-10-28 15:00:00,16.0,81.8,50,NI
2025298N11089,MONTHA,2025-10-28 18:00:00,16.1,81.5,50,NI
2025298N11089,MONTHA,2025-10-28 21:00:00,16.4,81.4,40,NI
2025298N11089,MONTHA,2025-10-29 00:00:00,17.0,81.3,35,NI
2025298N11089,MONTHA,2025-10-29 03:00:00,17.3,81.2,30,NI
2025298N11089,MONTHA,2025-10-29 06:00:00,17.7,81.1,30,NI
2025298N11089,MONTHA,2025-10-29 09:00:00,18.2,81.0, ,NI
2025298N11089,MONTHA,2025-10-29 12:00:00,18.7,80.9,25,NI
2025298N11089,MONTHA,2025-10-29 15:00:00,19.2,80.8, ,NI
2025298N11089,MONTHA,2025-10-29 18:00:00,19.6,80.7,20,NI
2025329N05100,SENYAR,2025-11-25 03:00:00,5.4,99.7,20,NI
2025329N05100,SENYAR,2025-11-25 06:00:00,5.3,99.5,20,NI
2025329N05100,SENYAR,2025-11-25 09:00:00,5.2,99.3, ,NI
2025329N05100,SENYAR,2025-11-25 12:00:00,5.0,99.0,25,NI
2025329N05100,SENYAR,2025-11-25 15:00:00,4.9,98.7, ,NI
2025329N05100,SENYAR,2025-11-25 18:00:00,4.9,98.4,30,NI
2025329N05100,SENYAR,2025-11-25 21:00:00,4.9,98.1, ,NI
2025329N05100,SENYAR,2025-11-26 00:00:00,4.8,98.0,40,NI
2025329N05100,SENYAR,2025-11-26 03:00:00,4.5,97.9,40,NI
2025329N05100,SENYAR,2025-11-26 06:00:00,4.3,98.0,40,NI
2025329N05100,SENYAR,2025-11-26 09:00:00,4.1,98.1,40,NI
2025329N05100,SENYAR,2025-11-26 12:00:00,4.0,98.4,35,NI
2025329N05100,SENYAR,2025-11-26 15:00:00,3.8,98.9,35,NI
2025329N05100,SENYAR,2025-11-26 18:00:00,3.7,99.4,35,NI
2025329N05100,SENYAR,2025-11-26 21:00:00,3.7,99.7,35,NI
2025329N05100,SENYAR,2025-11-27 00:00:00,3.6,100.0,30,NI
2025331N06083,DITWAH,2025-11-26 18:00:00,5.9,82.6,25,NI
2025331N06083,DITWAH,2025-11-26 21:00:00,6.0,82.6, ,NI
2025331N06083,DITWAH,2025-11-27 00:00:00,6.4,81.9,30,NI
2025331N06083,DITWAH,2025-11-27 03:00:00,6.7,81.9,30,NI
2025331N06083,DITWAH,2025-11-27 06:00:00,7.0,82.0,35,NI
2025331N06083,DITWAH,2025-11-27 09:00:00,7.3,81.9,35,NI
2025331N06083,DITWAH,2025-11-27 12:00:00,7.6,81.7,35,NI
2025331N06083,DITWAH,2025-11-27 15:00:00,7.8,81.5,35,NI
2025331N06083,DITWAH,2025-11-27 18:00:00,7.9,81.3,35,NI
2025331N06083,DITWAH,2025-11-27 21:00:00,8.0,81.2,35,NI
2025331N06083,DITWAH,2025-11-28 00:00:00,8.1,81.1,35,NI
2025331N06083,DITWAH,2025-11-28 03:00:00,8.2,81.0,35,NI
2025331N06083,DITWAH,2025-11-28 06:00:00,8.3,81.0,35,NI
2025331N06083,DITWAH,2025-11-28 09:00:00,8.5,81.0,35,NI
2025331N06083,DITWAH,2025-11-28 12:00:00,8.6,80.9,35,NI
2025331N06083,DITWAH,2025-11-28 15:00:00,8.8,80.8,35,NI
2025331N06083,DITWAH,2025-11-28 18:00:00,9.0,80.8,35,NI
2025331N06083,DITWAH,2025-11-28 21:00:00,9.2,80.8,35,NI
2025331N06083,DITWAH,2025-11-29 00:00:00,9.4,80.8,35,NI
2025331N06083,DITWAH,2025-11-29 03:00:00,9.6,80.8,40,NI
2025331N06083,DITWAH,2025-11-29 06:00:00,9.9,80.8,40,NI
2025331N06083,DITWAH,2025-11-29 09:00:00,10.1,80.7,40,NI
2025331N06083,DITWAH,2025-11-29 12:00:00,10.3,80.7,40,NI
2025331N06083,DITWAH,2025-11-29 15:00:00,10.4,80.7,40,NI
2025331N06083,DITWAH,2025-11-29 18:00:00,10.6,80.7,40,NI
2025331N06083,DITWAH,2025-11-29 21:00:00,10.8,80.7,40,NI
2025331N06083,DITWAH,2025-11-30 00:00:00,11.0,80.7,40,NI
2025331N06083,DITWAH,2025-11-30 03:00:00,11.2,80.7,40,NI
2025331N06083,DITWAH,2025-11-30 06:00:00,11.4,80.7,35,NI
2025331N06083,DITWAH,2025-11-30 09:00:00,11.6,80.7,35,NI
2025331N06083,DITWAH,2025-11-30 12:00:00,11.7,80.8,30,NI
2025331N06083,DITWAH,2025-11-30 15:00:00,11.9,81.0, ,NI
2025331N06083,DITWAH,2025-11-30 18:00:00,12.0,81.2,30,NI
2025331N06083,DITWAH,2025-11-30 21:00:00,12.3,81.2, ,NI
2025331N06083,DITWAH,2025-12-01 00:00:00,12.6,81.2,30,NI
2025331N06083,DITWAH,2025-12-01 03:00:00,12.7,81.0,30,NI
2025331N06083,DITWAH,2025-12-01 06:00:00,12.9,80.9,30,NI
2025331N06083,DITWAH,2025-12-01 09:00:00,13.0,80.9, ,NI
2025331N06083,DITWAH,2025-12-01 12:00:00,12.9,80.9,30,NI
2025331N06083,DITWAH,2025-12-01 15:00:00,12.8,80.8, ,NI
2025331N06083,DITWAH,2025-12-01 18:00:00,12.7,80.7,30,NI
2025331N06083,DITWAH,2025-12-01 21:00:00,12.7,80.6, ,NI
2025331N06083,DITWAH,2025-12-02 00:00:00,12.6,80.6,25,NI
2025331N06083,DITWAH,2025-12-02 03:00:00,12.5,80.7,25,NI
2025331N06083,DITWAH,2025-12-02 06:00:00,12.4,80.7,25,NI
2025331N06083,DITWAH,2025-12-02 09:00:00,12.3,80.6, ,NI
2025331N06083,DITWAH,2025-12-02 12:00:00,12.3,80.4,25,NI
2025331N06083,DITWAH,2025-12-02 15:00:00,12.2,80.3, ,NI
2025331N06083,DITWAH,2025-12-02 18:00:00,12.1,80.2,20,NI
